省市別,縣市別,選區別,鄉鎮市區,投開票所編號,0/候選人得票數,0/當選註記,0/得票率,1/候選人得票數,1/當選註記,1/得票率,2/候選人得票數,2/當選註記,2/得票率,3/候選人得票數,3/當選註記,3/得票率,4/候選人得票數,4/當選註記,4/得票率,5/候選人得票數,5/當選註記,5/得票率,6/候選人得票數,6/當選註記,6/得票率,7/候選人得票數,7/當選註記,7/得票率,8/候選人得票數,8/當選註記,8/得票率,9/候選人得票數,9/當選註記,9/得票率,10/候選人得票數,10/當選註記,10/得票率,11/候選人得票數,11/當選註記,11/得票率,12/候選人得票數,12/當選註記,12/得票率,13/候選人得票數,13/當選註記,13/得票率,14/候選人得票數,14/當選註記,14/得票率,15/候選人得票數,15/當選註記,15/得票率,16/候選人得票數,16/當選註記,16/得票率,17/候選人得票數,17/當選註記,17/得票率,18/候選人得票數,18/當選註記,18/得票率,19/候選人得票數,19/當選註記,19/得票率,有效票數,無效票數,投票數,已領未投票數,發出票數,用餘票數,選舉人數,投票率,應送投開票所數,已送投開票所數
7,02,14,04,0000,217,,21.15,317,*,30.9,277,*,27,215,,20.96,0,,0,0,,0,0,,0,0,,0,0,,0,0,,0,0,,0,0,,0,0,,0,0,,0,0,,0,0,,0,0,,0,0,,0,0,,0,0,,0,1026,19,1045,0,1045,396,1441,72.52,9,9
7,02,14,04,0408,6,,15.38,5,*,12.82,13,*,33.33,15,,38.46,0,,0,0,,0,0,,0,0,,0,0,,0,0,,0,0,,0,0,,0,0,,0,0,,0,0,,0,0,,0,0,,0,0,,0,0,,0,0,,0,39,1,40,0,40,10,50,80,1,1
7,02,14,04,0409,4,,10.81,26,*,70.27,1,*,2.7,6,,16.22,0,,0,0,,0,0,,0,0,,0,0,,0,0,,0,0,,0,0,,0,0,,0,0,,0,0,,0,0,,0,0,,0,0,,0,0,,0,0,,0,37,0,37,0,37,12,49,75.51,1,1
7,02,14,04,0410,57,,28.08,51,*,25.12,66,*,32.51,29,,14.29,0,,0,0,,0,0,,0,0,,0,0,,0,0,,0,0,,0,0,,0,0,,0,0,,0,0,,0,0,,0,0,,0,0,,0,0,,0,0,,0,203,2,205,0,205,86,291,70.45,1,1
7,02,14,04,0411,46,,18.18,44,*,17.39,62,*,24.51,101,,39.92,0,,0,0,,0,0,,0,0,,0,0,,0,0,,0,0,,0,0,,0,0,,0,0,,0,0,,0,0,,0,0,,0,0,,0,0,,0,0,,0,253,5,258,0,258,108,366,70.49,1,1
7,02,14,04,0412,99,,21.2,185,*,39.61,126,*,26.98,57,,12.21,0,,0,0,,0,0,,0,0,,0,0,,0,0,,0,0,,0,0,,0,0,,0,0,,0,0,,0,0,,0,0,,0,0,,0,0,,0,0,,0,467,10,477,0,477,176,653,73.05,1,1
7,02,14,04,0413,2,,28.57,1,*,14.29,3,*,42.86,1,,14.29,0,,0,0,,0,0,,0,0,,0,0,,0,0,,0,0,,0,0,,0,0,,0,0,,0,0,,0,0,,0,0,,0,0,,0,0,,0,0,,0,7,1,8,0,8,1,9,88.89,1,1
7,02,14,04,0414,3,,23.08,3,*,23.08,6,*,46.15,1,,7.69,0,,0,0,,0,0,,0,0,,0,0,,0,0,,0,0,,0,0,,0,0,,0,0,,0,0,,0,0,,0,0,,0,0,,0,0,,0,0,,0,13,0,13,0,13,2,15,86.67,1,1
7,02,14,04,0415,0,,0,1,*,25,0,*,0,3,,75,0,,0,0,,0,0,,0,0,,0,0,,0,0,,0,0,,0,0,,0,0,,0,0,,0,0,,0,0,,0,0,,0,0,,0,0,,0,0,,0,4,0,4,0,4,1,5,80,1,1
7,02,14,04,0416,0,,0,1,*,33.33,0,*,0,2,,66.67,0,,0,0,,0,0,,0,0,,0,0,,0,0,,0,0,,0,0,,0,0,,0,0,,0,0,,0,0,,0,0,,0,0,,0,0,,0,0,,0,3,0,3,0,3,0,3,100,1,1
7,07,24,04,0000,687,*,100,0,,0,0,,0,0,,0,0,,0,0,,0,0,,0,0,,0,0,,0,0,,0,0,,0,0,,0,0,,0,0,,0,0,,0,0,,0,0,,0,0,,0,0,,0,0,,0,687,157,844,0,844,209,1053,80.15,8,8
7,07,24,04,0606,155,*,100,0,,0,0,,0,0,,0,0,,0,0,,0,0,,0,0,,0,0,,0,0,,0,0,,0,0,,0,0,,0,0,,0,0,,0,0,,0,0,,0,0,,0,0,,0,0,,0,155,21,176,0,176,39,215,81.86,1,1
7,07,24,04,0607,93,*,100,0,,0,0,,0,0,,0,0,,0,0,,0,0,,0,0,,0,0,,0,0,,0,0,,0,0,,0,0,,0,0,,0,0,,0,0,,0,0,,0,0,,0,0,,0,0,,0,93,14,107,0,107,16,123,86.99,1,1
7,07,24,04,0608,27,*,100,0,,0,0,,0,0,,0,0,,0,0,,0,0,,0,0,,0,0,,0,0,,0,0,,0,0,,0,0,,0,0,,0,0,,0,0,,0,0,,0,0,,0,0,,0,0,,0,27,6,33,0,33,9,42,78.57,1,1
7,07,24,04,0609,170,*,100,0,,0,0,,0,0,,0,0,,0,0,,0,0,,0,0,,0,0,,0,0,,0,0,,0,0,,0,0,,0,0,,0,0,,0,0,,0,0,,0,0,,0,0,,0,0,,0,170,60,230,0,230,75,305,75.41,1,1
7,07,24,04,0610,107,*,100,0,,0,0,,0,0,,0,0,,0,0,,0,0,,0,0,,0,0,,0,0,,0,0,,0,0,,0,0,,0,0,,0,0,,0,0,,0,0,,0,0,,0,0,,0,0,,0,107,17,124,0,124,21,145,85.52,1,1
7,07,24,04,0611,104,*,100,0,,0,0,,0,0,,0,0,,0,0,,0,0,,0,0,,0,0,,0,0,,0,0,,0,0,,0,0,,0,0,,0,0,,0,0,,0,0,,0,0,,0,0,,0,0,,0,104,30,134,0,134,40,174,77.01,1,1
7,07,24,04,0612,15,*,100,0,,0,0,,0,0,,0,0,,0,0,,0,0,,0,0,,0,0,,0,0,,0,0,,0,0,,0,0,,0,0,,0,0,,0,0,,0,0,,0,0,,0,0,,0,0,,0,15,6,21,0,21,5,26,80.77,1,1
7,07,24,04,0613,16,*,100,0,,0,0,,0,0,,0,0,,0,0,,0,0,,0,0,,0,0,,0,0,,0,0,,0,0,,0,0,,0,0,,0,0,,0,0,,0,0,,0,0,,0,0,,0,0,,0,16,3,19,0,19,4,23,82.61,1,1
7,09,01,05,0000,1462,*,47.48,237,,7.7,522,*,16.95,378,,12.28,480,,15.59,0,,0,0,,0,0,,0,0,,0,0,,0,0,,0,0,,0,0,,0,0,,0,0,,0,0,,0,0,,0,0,,0,0,,0,0,,0,3079,124,3203,1,3204,2814,6018,53.22,81,81
7,09,01,05,0001,13,*,65,1,,5,2,*,10,2,,10,2,,10,0,,0,0,,0,0,,0,0,,0,0,,0,0,,0,0,,0,0,,0,0,,0,0,,0,0,,0,0,,0,0,,0,0,,0,0,,0,20,3,23,0,23,24,47,48.94,1,1
7,09,01,05,0002,9,*,33.33,3,,11.11,4,*,14.81,5,,18.52,6,,22.22,0,,0,0,,0,0,,0,0,,0,0,,0,0,,0,0,,0,0,,0,0,,0,0,,0,0,,0,0,,0,0,,0,0,,0,0,,0,27,4,31,0,31,21,52,59.62,1,1
7,09,01,05,0003,24,*,61.54,1,,2.56,2,*,5.13,2,,5.13,10,,25.64,0,,0,0,,0,0,,0,0,,0,0,,0,0,,0,0,,0,0,,0,0,,0,0,,0,0,,0,0,,0,0,,0,0,,0,0,,0,39,2,41,0,41,34,75,54.67,1,1
7,09,01,05,0004,12,*,38.71,3,,9.68,7,*,22.58,3,,9.68,6,,19.35,0,,0,0,,0,0,,0,0,,0,0,,0,0,,0,0,,0,0,,0,0,,0,0,,0,0,,0,0,,0,0,,0,0,,0,0,,0,31,1,32,0,32,42,74,43.24,1,1
7,09,01,05,0005,32,*,59.26,7,,12.96,7,*,12.96,5,,9.26,3,,5.56,0,,0,0,,0,0,,0,0,,0,0,,0,0,,0,0,,0,0,,0,0,,0,0,,0,0,,0,0,,0,0,,0,0,,0,0,,0,54,2,56,0,56,37,93,60.22,1,1
7,09,01,05,0006,6,*,23.08,1,,3.85,7,*,26.92,6,,23.08,6,,23.08,0,,0,0,,0,0,,0,0,,0,0,,0,0,,0,0,,0,0,,0,0,,0,0,,0,0,,0,0,,0,0,,0,0,,0,0,,0,26,1,27,0,27,38,65,41.54,1,1
7,09,01,05,0007,26,*,54.17,4,,8.33,7,*,14.58,9,,18.75,2,,4.17,0,,0,0,,0,0,,0,0,,0,0,,0,0,,0,0,,0,0,,0,0,,0,0,,0,0,,0,0,,0,0,,0,0,,0,0,,0,48,1,49,0,49,41,90,54.44,1,1
7,09,01,05,0008,19,*,51.35,4,,10.81,8,*,21.62,4,,10.81,2,,5.41,0,,0,0,,0,0,,0,0,,0,0,,0,0,,0,0,,0,0,,0,0,,0,0,,0,0,,0,0,,0,0,,0,0,,0,0,,0,37,4,41,0,41,23,64,64.06,1,1
7,09,01,05,0009,51,*,52.58,4,,4.12,9,*,9.28,19,,19.59,14,,14.43,0,,0,0,,0,0,,0,0,,0,0,,0,0,,0,0,,0,0,,0,0,,0,0,,0,0,,0,0,,0,0,,0,0,,0,0,,0,97,3,100,0,100,76,176,56.82,1,1
7,09,01,05,0010,26,*,44.07,6,,10.17,7,*,11.86,11,,18.64,9,,15.25,0,,0,0,,0,0,,0,0,,0,0,,0,0,,0,0,,0,0,,0,0,,0,0,,0,0,,0,0,,0,0,,0,0,,0,0,,0,59,2,61,0,61,70,131,46.56,1,1
7,09,01,05,0011,29,*,43.28,1,,1.49,10,*,14.93,14,,20.9,13,,19.4,0,,0,0,,0,0,,0,0,,0,0,,0,0,,0,0,,0,0,,0,0,,0,0,,0,0,,0,0,,0,0,,0,0,,0,0,,0,67,2,69,0,69,56,125,55.2,1,1
7,09,01,05,0012,21,*,37.5,0,,0,10,*,17.86,20,,35.71,5,,8.93,0,,0,0,,0,0,,0,0,,0,0,,0,0,,0,0,,0,0,,0,0,,0,0,,0,0,,0,0,,0,0,,0,0,,0,0,,0,56,1,57,0,57,56,113,50.44,1,1
7,09,01,05,0013,43,*,35.54,5,,4.13,17,*,14.05,49,,40.5,7,,5.79,0,,0,0,,0,0,,0,0,,0,0,,0,0,,0,0,,0,0,,0,0,,0,0,,0,0,,0,0,,0,0,,0,0,,0,0,,0,121,4,125,0,125,72,197,63.45,1,1
7,09,01,05,0014,10,*,21.74,5,,10.87,22,*,47.83,5,,10.87,4,,8.7,0,,0,0,,0,0,,0,0,,0,0,,0,0,,0,0,,0,0,,0,0,,0,0,,0,0,,0,0,,0,0,,0,0,,0,0,,0,46,2,48,0,48,24,72,66.67,1,1
7,09,01,05,0015,5,*,17.24,0,,0,5,*,17.24,9,,31.03,10,,34.48,0,,0,0,,0,0,,0,0,,0,0,,0,0,,0,0,,0,0,,0,0,,0,0,,0,0,,0,0,,0,0,,0,0,,0,0,,0,29,4,33,0,33,35,68,48.53,1,1
7,09,01,05,0016,22,*,55,2,,5,5,*,12.5,7,,17.5,4,,10,0,,0,0,,0,0,,0,0,,0,0,,0,0,,0,0,,0,0,,0,0,,0,0,,0,0,,0,0,,0,0,,0,0,,0,0,,0,40,1,41,0,41,31,72,56.94,1,1
7,09,01,05,0017,25,*,49.02,4,,7.84,4,*,7.84,14,,27.45,4,,7.84,0,,0,0,,0,0,,0,0,,0,0,,0,0,,0,0,,0,0,,0,0,,0,0,,0,0,,0,0,,0,0,,0,0,,0,0,,0,51,1,52,0,52,48,100,52,1,1
7,09,01,05,0018,28,*,59.57,3,,6.38,6,*,12.77,4,,8.51,6,,12.77,0,,0,0,,0,0,,0,0,,0,0,,0,0,,0,0,,0,0,,0,0,,0,0,,0,0,,0,0,,0,0,,0,0,,0,0,,0,47,3,50,0,50,50,100,50,1,1
7,09,01,05,0019,24,*,51.06,3,,6.38,7,*,14.89,8,,17.02,5,,10.64,0,,0,0,,0,0,,0,0,,0,0,,0,0,,0,0,,0,0,,0,0,,0,0,,0,0,,0,0,,0,0,,0,0,,0,0,,0,47,4,51,0,51,55,106,48.11,1,1
7,09,01,05,0020,26,*,50.98,0,,0,11,*,21.57,8,,15.69,6,,11.76,0,,0,0,,0,0,,0,0,,0,0,,0,0,,0,0,,0,0,,0,0,,0,0,,0,0,,0,0,,0,0,,0,0,,0,0,,0,51,0,51,0,51,47,98,52.04,1,1
7,09,01,05,0021,2,*,22.22,4,,44.44,1,*,11.11,1,,11.11,1,,11.11,0,,0,0,,0,0,,0,0,,0,0,,0,0,,0,0,,0,0,,0,0,,0,0,,0,0,,0,0,,0,0,,0,0,,0,0,,0,9,0,9,0,9,4,13,69.23,1,1
7,09,01,05,0022,8,*,42.11,3,,15.79,0,*,0,3,,15.79,5,,26.32,0,,0,0,,0,0,,0,0,,0,0,,0,0,,0,0,,0,0,,0,0,,0,0,,0,0,,0,0,,0,0,,0,0,,0,0,,0,19,0,19,0,19,19,38,50,1,1
7,09,01,05,0023,0,*,0,0,,0,0,*,0,0,,0,0,,0,0,,0,0,,0,0,,0,0,,0,0,,0,0,,0,0,,0,0,,0,0,,0,0,,0,0,,0,0,,0,0,,0,0,,0,0,,0,0,0,0,0,0,2,2,0,1,1
7,09,01,05,0024,1,*,25,1,,25,1,*,25,1,,25,0,,0,0,,0,0,,0,0,,0,0,,0,0,,0,0,,0,0,,0,0,,0,0,,0,0,,0,0,,0,0,,0,0,,0,0,,0,0,,0,4,0,4,0,4,8,12,33.33,1,1
7,09,01,05,0025,3,*,42.86,0,,0,0,*,0,3,,42.86,1,,14.29,0,,0,0,,0,0,,0,0,,0,0,,0,0,,0,0,,0,0,,0,0,,0,0,,0,0,,0,0,,0,0,,0,0,,0,0,,0,7,0,7,0,7,18,25,28,1,1
7,09,01,05,0026,0,*,0,0,,0,3,*,50,0,,0,3,,50,0,,0,0,,0,0,,0,0,,0,0,,0,0,,0,0,,0,0,,0,0,,0,0,,0,0,,0,0,,0,0,,0,0,,0,0,,0,6,1,7,0,7,11,18,38.89,1,1
7,09,01,05,0027,2,*,22.22,0,,0,2,*,22.22,1,,11.11,4,,44.44,0,,0,0,,0,0,,0,0,,0,0,,0,0,,0,0,,0,0,,0,0,,0,0,,0,0,,0,0,,0,0,,0,0,,0,0,,0,9,0,9,0,9,6,15,60,1,1
7,09,01,05,0028,9,*,69.23,1,,7.69,0,*,0,2,,15.38,1,,7.69,0,,0,0,,0,0,,0,0,,0,0,,0,0,,0,0,,0,0,,0,0,,0,0,,0,0,,0,0,,0,0,,0,0,,0,0,,0,13,1,14,0,14,18,32,43.75,1,1
7,09,01,05,0029,2,*,66.67,0,,0,1,*,33.33,0,,0,0,,0,0,,0,0,,0,0,,0,0,,0,0,,0,0,,0,0,,0,0,,0,0,,0,0,,0,0,,0,0,,0,0,,0,0,,0,0,,0,3,0,3,0,3,7,10,30,1,1
7,09,01,05,0030,0,*,0,2,,40,2,*,40,0,,0,1,,20,0,,0,0,,0,0,,0,0,,0,0,,0,0,,0,0,,0,0,,0,0,,0,0,,0,0,,0,0,,0,0,,0,0,,0,0,,0,5,1,6,0,6,5,11,54.55,1,1
7,09,01,05,0031,2,*,50,0,,0,1,*,25,1,,25,0,,0,0,,0,0,,0,0,,0,0,,0,0,,0,0,,0,0,,0,0,,0,0,,0,0,,0,0,,0,0,,0,0,,0,0,,0,0,,0,4,1,5,0,5,4,9,55.56,1,1
7,09,01,05,0032,2,*,33.33,0,,0,0,*,0,0,,0,4,,66.67,0,,0,0,,0,0,,0,0,,0,0,,0,0,,0,0,,0,0,,0,0,,0,0,,0,0,,0,0,,0,0,,0,0,,0,0,,0,6,0,6,1,7,9,16,37.5,1,1
7,09,01,05,0033,6,*,50,0,,0,2,*,16.67,3,,25,1,,8.33,0,,0,0,,0,0,,0,0,,0,0,,0,0,,0,0,,0,0,,0,0,,0,0,,0,0,,0,0,,0,0,,0,0,,0,0,,0,12,1,13,0,13,22,35,37.14,1,1
7,09,01,05,0034,6,*,54.55,1,,9.09,1,*,9.09,0,,0,3,,27.27,0,,0,0,,0,0,,0,0,,0,0,,0,0,,0,0,,0,0,,0,0,,0,0,,0,0,,0,0,,0,0,,0,0,,0,0,,0,11,0,11,0,11,17,28,39.29,1,1
7,09,01,05,0035,16,*,59.26,1,,3.7,6,*,22.22,2,,7.41,2,,7.41,0,,0,0,,0,0,,0,0,,0,0,,0,0,,0,0,,0,0,,0,0,,0,0,,0,0,,0,0,,0,0,,0,0,,0,0,,0,27,2,29,0,29,25,54,53.7,1,1
7,09,01,05,0036,4,*,36.36,1,,9.09,0,*,0,2,,18.18,4,,36.36,0,,0,0,,0,0,,0,0,,0,0,,0,0,,0,0,,0,0,,0,0,,0,0,,0,0,,0,0,,0,0,,0,0,,0,0,,0,11,0,11,0,11,20,31,35.48,1,1
7,09,01,05,0037,6,*,85.71,0,,0,1,*,14.29,0,,0,0,,0,0,,0,0,,0,0,,0,0,,0,0,,0,0,,0,0,,0,0,,0,0,,0,0,,0,0,,0,0,,0,0,,0,0,,0,0,,0,7,0,7,0,7,16,23,30.43,1,1
7,09,01,05,0038,9,*,56.25,1,,6.25,1,*,6.25,2,,12.5,3,,18.75,0,,0,0,,0,0,,0,0,,0,0,,0,0,,0,0,,0,0,,0,0,,0,0,,0,0,,0,0,,0,0,,0,0,,0,0,,0,16,0,16,0,16,11,27,59.26,1,1
7,09,01,05,0039,32,*,51.61,3,,4.84,8,*,12.9,3,,4.84,16,,25.81,0,,0,0,,0,0,,0,0,,0,0,,0,0,,0,0,,0,0,,0,0,,0,0,,0,0,,0,0,,0,0,,0,0,,0,0,,0,62,4,66,0,66,45,111,59.46,1,1
7,09,01,05,0040,25,*,48.08,0,,0,6,*,11.54,1,,1.92,20,,38.46,0,,0,0,,0,0,,0,0,,0,0,,0,0,,0,0,,0,0,,0,0,,0,0,,0,0,,0,0,,0,0,,0,0,,0,0,,0,52,2,54,0,54,52,106,50.94,1,1
7,09,01,05,0041,7,*,63.64,0,,0,1,*,9.09,3,,27.27,0,,0,0,,0,0,,0,0,,0,0,,0,0,,0,0,,0,0,,0,0,,0,0,,0,0,,0,0,,0,0,,0,0,,0,0,,0,0,,0,11,0,11,0,11,18,29,37.93,1,1
7,09,01,05,0042,7,*,50,1,,7.14,1,*,7.14,3,,21.43,2,,14.29,0,,0,0,,0,0,,0,0,,0,0,,0,0,,0,0,,0,0,,0,0,,0,0,,0,0,,0,0,,0,0,,0,0,,0,0,,0,14,4,18,0,18,18,36,50,1,1
7,09,01,05,0043,4,*,22.22,3,,16.67,5,*,27.78,3,,16.67,3,,16.67,0,,0,0,,0,0,,0,0,,0,0,,0,0,,0,0,,0,0,,0,0,,0,0,,0,0,,0,0,,0,0,,0,0,,0,0,,0,18,3,21,0,21,29,50,42,1,1
7,09,01,05,0044,64,*,54.24,12,,10.17,8,*,6.78,16,,13.56,18,,15.25,0,,0,0,,0,0,,0,0,,0,0,,0,0,,0,0,,0,0,,0,0,,0,0,,0,0,,0,0,,0,0,,0,0,,0,0,,0,118,4,122,0,122,83,205,59.51,1,1
7,09,01,05,0045,71,*,50.71,10,,7.14,17,*,12.14,10,,7.14,32,,22.86,0,,0,0,,0,0,,0,0,,0,0,,0,0,,0,0,,0,0,,0,0,,0,0,,0,0,,0,0,,0,0,,0,0,,0,0,,0,140,3,143,0,143,91,234,61.11,1,1
7,09,01,05,0046,40,*,52.63,5,,6.58,8,*,10.53,3,,3.95,20,,26.32,0,,0,0,,0,0,,0,0,,0,0,,0,0,,0,0,,0,0,,0,0,,0,0,,0,0,,0,0,,0,0,,0,0,,0,0,,0,76,4,80,0,80,62,142,56.34,1,1
7,09,01,05,0047,6,*,24,2,,8,4,*,16,6,,24,7,,28,0,,0,0,,0,0,,0,0,,0,0,,0,0,,0,0,,0,0,,0,0,,0,0,,0,0,,0,0,,0,0,,0,0,,0,0,,0,25,0,25,0,25,21,46,54.35,1,1
7,09,01,05,0048,8,*,36.36,2,,9.09,6,*,27.27,1,,4.55,5,,22.73,0,,0,0,,0,0,,0,0,,0,0,,0,0,,0,0,,0,0,,0,0,,0,0,,0,0,,0,0,,0,0,,0,0,,0,0,,0,22,0,22,0,22,24,46,47.83,1,1
7,09,01,05,0049,6,*,40,0,,0,5,*,33.33,0,,0,4,,26.67,0,,0,0,,0,0,,0,0,,0,0,,0,0,,0,0,,0,0,,0,0,,0,0,,0,0,,0,0,,0,0,,0,0,,0,0,,0,15,2,17,0,17,36,53,32.08,1,1
7,09,01,05,0050,8,*,47.06,1,,5.88,5,*,29.41,0,,0,3,,17.65,0,,0,0,,0,0,,0,0,,0,0,,0,0,,0,0,,0,0,,0,0,,0,0,,0,0,,0,0,,0,0,,0,0,,0,0,,0,17,0,17,0,17,11,28,60.71,1,1
7,09,01,05,0051,6,*,33.33,2,,11.11,0,*,0,1,,5.56,9,,50,0,,0,0,,0,0,,0,0,,0,0,,0,0,,0,0,,0,0,,0,0,,0,0,,0,0,,0,0,,0,0,,0,0,,0,0,,0,18,1,19,0,19,10,29,65.52,1,1
7,09,01,05,0052,4,*,28.57,0,,0,3,*,21.43,1,,7.14,6,,42.86,0,,0,0,,0,0,,0,0,,0,0,,0,0,,0,0,,0,0,,0,0,,0,0,,0,0,,0,0,,0,0,,0,0,,0,0,,0,14,1,15,0,15,15,30,50,1,1
7,09,01,05,0053,0,*,0,1,,25,1,*,25,0,,0,2,,50,0,,0,0,,0,0,,0,0,,0,0,,0,0,,0,0,,0,0,,0,0,,0,0,,0,0,,0,0,,0,0,,0,0,,0,0,,0,4,1,5,0,5,8,13,38.46,1,1
7,09,01,05,0054,9,*,39.13,1,,4.35,8,*,34.78,2,,8.7,3,,13.04,0,,0,0,,0,0,,0,0,,0,0,,0,0,,0,0,,0,0,,0,0,,0,0,,0,0,,0,0,,0,0,,0,0,,0,0,,0,23,0,23,0,23,55,78,29.49,1,1
7,09,01,05,0055,11,*,50,2,,9.09,6,*,27.27,0,,0,3,,13.64,0,,0,0,,0,0,,0,0,,0,0,,0,0,,0,0,,0,0,,0,0,,0,0,,0,0,,0,0,,0,0,,0,0,,0,0,,0,22,1,23,0,23,14,37,62.16,1,1
7,09,01,05,0056,10,*,71.43,0,,0,1,*,7.14,1,,7.14,2,,14.29,0,,0,0,,0,0,,0,0,,0,0,,0,0,,0,0,,0,0,,0,0,,0,0,,0,0,,0,0,,0,0,,0,0,,0,0,,0,14,0,14,0,14,20,34,41.18,1,1
7,09,01,05,0057,8,*,34.78,4,,17.39,2,*,8.7,4,,17.39,5,,21.74,0,,0,0,,0,0,,0,0,,0,0,,0,0,,0,0,,0,0,,0,0,,0,0,,0,0,,0,0,,0,0,,0,0,,0,0,,0,23,2,25,0,25,28,53,47.17,1,1
7,09,01,05,0058,10,*,38.46,3,,11.54,2,*,7.69,5,,19.23,6,,23.08,0,,0,0,,0,0,,0,0,,0,0,,0,0,,0,0,,0,0,,0,0,,0,0,,0,0,,0,0,,0,0,,0,0,,0,0,,0,26,1,27,0,27,35,62,43.55,1,1
7,09,01,05,0059,10,*,45.45,1,,4.55,1,*,4.55,6,,27.27,4,,18.18,0,,0,0,,0,0,,0,0,,0,0,,0,0,,0,0,,0,0,,0,0,,0,0,,0,0,,0,0,,0,0,,0,0,,0,0,,0,22,0,22,0,22,19,41,53.66,1,1
7,09,01,05,0060,3,*,60,1,,20,1,*,20,0,,0,0,,0,0,,0,0,,0,0,,0,0,,0,0,,0,0,,0,0,,0,0,,0,0,,0,0,,0,0,,0,0,,0,0,,0,0,,0,0,,0,5,0,5,0,5,15,20,25,1,1
7,09,01,05,0061,19,*,86.36,0,,0,1,*,4.55,1,,4.55,1,,4.55,0,,0,0,,0,0,,0,0,,0,0,,0,0,,0,0,,0,0,,0,0,,0,0,,0,0,,0,0,,0,0,,0,0,,0,0,,0,22,1,23,0,23,23,46,50,1,1
7,09,01,05,0062,23,*,76.67,1,,3.33,4,*,13.33,1,,3.33,1,,3.33,0,,0,0,,0,0,,0,0,,0,0,,0,0,,0,0,,0,0,,0,0,,0,0,,0,0,,0,0,,0,0,,0,0,,0,0,,0,30,0,30,0,30,15,45,66.67,1,1
7,09,01,05,0063,11,*,57.89,0,,0,3,*,15.79,0,,0,5,,26.32,0,,0,0,,0,0,,0,0,,0,0,,0,0,,0,0,,0,0,,0,0,,0,0,,0,0,,0,0,,0,0,,0,0,,0,0,,0,19,0,19,0,19,16,35,54.29,1,1
7,09,01,05,0064,12,*,44.44,5,,18.52,5,*,18.52,1,,3.7,4,,14.81,0,,0,0,,0,0,,0,0,,0,0,,0,0,,0,0,,0,0,,0,0,,0,0,,0,0,,0,0,,0,0,,0,0,,0,0,,0,27,2,29,0,29,41,70,41.43,1,1
7,09,01,05,0065,15,*,51.72,2,,6.9,6,*,20.69,4,,13.79,2,,6.9,0,,0,0,,0,0,,0,0,,0,0,,0,0,,0,0,,0,0,,0,0,,0,0,,0,0,,0,0,,0,0,,0,0,,0,0,,0,29,4,33,0,33,57,90,36.67,1,1
7,09,01,05,0066,13,*,35.14,3,,8.11,5,*,13.51,7,,18.92,9,,24.32,0,,0,0,,0,0,,0,0,,0,0,,0,0,,0,0,,0,0,,0,0,,0,0,,0,0,,0,0,,0,0,,0,0,,0,0,,0,37,5,42,0,42,57,99,42.42,1,1
7,09,01,05,0067,18,*,38.3,0,,0,19,*,40.43,5,,10.64,5,,10.64,0,,0,0,,0,0,,0,0,,0,0,,0,0,,0,0,,0,0,,0,0,,0,0,,0,0,,0,0,,0,0,,0,0,,0,0,,0,47,2,49,0,49,67,116,42.24,1,1
7,09,01,05,0068,72,*,65.45,8,,7.27,14,*,12.73,6,,5.45,10,,9.09,0,,0,0,,0,0,,0,0,,0,0,,0,0,,0,0,,0,0,,0,0,,0,0,,0,0,,0,0,,0,0,,0,0,,0,0,,0,110,4,114,0,114,93,207,55.07,1,1
7,09,01,05,0069,8,*,24.24,2,,6.06,18,*,54.55,0,,0,5,,15.15,0,,0,0,,0,0,,0,0,,0,0,,0,0,,0,0,,0,0,,0,0,,0,0,,0,0,,0,0,,0,0,,0,0,,0,0,,0,33,1,34,0,34,19,53,64.15,1,1
7,09,01,05,0070,25,*,40.98,4,,6.56,22,*,36.07,2,,3.28,8,,13.11,0,,0,0,,0,0,,0,0,,0,0,,0,0,,0,0,,0,0,,0,0,,0,0,,0,0,,0,0,,0,0,,0,0,,0,0,,0,61,2,63,0,63,54,117,53.85,1,1
7,09,01,05,0071,17,*,43.59,2,,5.13,13,*,33.33,1,,2.56,6,,15.38,0,,0,0,,0,0,,0,0,,0,0,,0,0,,0,0,,0,0,,0,0,,0,0,,0,0,,0,0,,0,0,,0,0,,0,0,,0,39,3,42,0,42,36,78,53.85,1,1
7,09,01,05,0072,9,*,33.33,1,,3.7,10,*,37.04,2,,7.41,5,,18.52,0,,0,0,,0,0,,0,0,,0,0,,0,0,,0,0,,0,0,,0,0,,0,0,,0,0,,0,0,,0,0,,0,0,,0,0,,0,27,0,27,0,27,32,59,45.76,1,1
7,09,01,05,0073,17,*,36.96,5,,10.87,12,*,26.09,3,,6.52,9,,19.57,0,,0,0,,0,0,,0,0,,0,0,,0,0,,0,0,,0,0,,0,0,,0,0,,0,0,,0,0,,0,0,,0,0,,0,0,,0,46,1,47,0,47,35,82,57.32,1,1
7,09,01,05,0074,12,*,33.33,4,,11.11,11,*,30.56,0,,0,9,,25,0,,0,0,,0,0,,0,0,,0,0,,0,0,,0,0,,0,0,,0,0,,0,0,,0,0,,0,0,,0,0,,0,0,,0,0,,0,36,1,37,0,37,51,88,42.05,1,1
7,09,01,05,0075,17,*,50,4,,11.76,11,*,32.35,0,,0,2,,5.88,0,,0,0,,0,0,,0,0,,0,0,,0,0,,0,0,,0,0,,0,0,,0,0,,0,0,,0,0,,0,0,,0,0,,0,0,,0,34,0,34,0,34,23,57,59.65,1,1
7,09,01,05,0076,26,*,39.39,8,,12.12,9,*,13.64,9,,13.64,14,,21.21,0,,0,0,,0,0,,0,0,,0,0,,0,0,,0,0,,0,0,,0,0,,0,0,,0,0,,0,0,,0,0,,0,0,,0,0,,0,66,3,69,0,69,52,121,57.02,1,1
7,09,01,05,0077,32,*,38.55,20,,24.1,14,*,16.87,8,,9.64,9,,10.84,0,,0,0,,0,0,,0,0,,0,0,,0,0,,0,0,,0,0,,0,0,,0,0,,0,0,,0,0,,0,0,,0,0,,0,0,,0,83,2,85,0,85,47,132,64.39,1,1
7,09,01,05,0078,27,*,61.36,0,,0,11,*,25,1,,2.27,5,,11.36,0,,0,0,,0,0,,0,0,,0,0,,0,0,,0,0,,0,0,,0,0,,0,0,,0,0,,0,0,,0,0,,0,0,,0,0,,0,44,1,45,0,45,42,87,51.72,1,1
7,09,01,05,0079,37,*,62.71,3,,5.08,11,*,18.64,1,,1.69,7,,11.86,0,,0,0,,0,0,,0,0,,0,0,,0,0,,0,0,,0,0,,0,0,,0,0,,0,0,,0,0,,0,0,,0,0,,0,0,,0,59,1,60,0,60,68,128,46.88,1,1
7,09,01,05,0080,28,*,71.79,2,,5.13,3,*,7.69,3,,7.69,3,,7.69,0,,0,0,,0,0,,0,0,,0,0,,0,0,,0,0,,0,0,,0,0,,0,0,,0,0,,0,0,,0,0,,0,0,,0,0,,0,39,1,40,0,40,22,62,64.52,1,1
7,09,01,05,0081,146,*,50.69,37,,12.85,42,*,14.58,29,,10.07,34,,11.81,0,,0,0,,0,0,,0,0,,0,0,,0,0,,0,0,,0,0,,0,0,,0,0,,0,0,,0,0,,0,0,,0,0,,0,0,,0,288,5,293,0,293,153,446,65.7,1,1
7,09,02,04,0000,460,,27.46,643,*,38.39,572,*,34.15,0,,0,0,,0,0,,0,0,,0,0,,0,0,,0,0,,0,0,,0,0,,0,0,,0,0,,0,0,,0,0,,0,0,,0,0,,0,0,,0,0,,0,1675,70,1745,0,1745,1287,3032,57.55,19,19
7,09,02,04,0082,0,,0,0,*,0,4,*,100,0,,0,0,,0,0,,0,0,,0,0,,0,0,,0,0,,0,0,,0,0,,0,0,,0,0,,0,0,,0,0,,0,0,,0,0,,0,0,,0,0,,0,4,1,5,0,5,0,5,100,1,1
7,09,02,04,0083,7,,21.21,14,*,42.42,12,*,36.36,0,,0,0,,0,0,,0,0,,0,0,,0,0,,0,0,,0,0,,0,0,,0,0,,0,0,,0,0,,0,0,,0,0,,0,0,,0,0,,0,0,,0,33,4,37,0,37,16,53,69.81,1,1
7,09,02,04,0084,2,,11.76,11,*,64.71,4,*,23.53,0,,0,0,,0,0,,0,0,,0,0,,0,0,,0,0,,0,0,,0,0,,0,0,,0,0,,0,0,,0,0,,0,0,,0,0,,0,0,,0,0,,0,17,0,17,0,17,9,26,65.38,1,1
7,09,02,04,0085,8,,40,6,*,30,6,*,30,0,,0,0,,0,0,,0,0,,0,0,,0,0,,0,0,,0,0,,0,0,,0,0,,0,0,,0,0,,0,0,,0,0,,0,0,,0,0,,0,0,,0,20,1,21,0,21,8,29,72.41,1,1
7,09,02,04,0086,5,,35.71,6,*,42.86,3,*,21.43,0,,0,0,,0,0,,0,0,,0,0,,0,0,,0,0,,0,0,,0,0,,0,0,,0,0,,0,0,,0,0,,0,0,,0,0,,0,0,,0,0,,0,14,1,15,0,15,7,22,68.18,1,1
7,09,02,04,0087,26,,22.81,55,*,48.25,33,*,28.95,0,,0,0,,0,0,,0,0,,0,0,,0,0,,0,0,,0,0,,0,0,,0,0,,0,0,,0,0,,0,0,,0,0,,0,0,,0,0,,0,0,,0,114,13,127,0,127,91,218,58.26,1,1
7,09,02,04,0088,14,,21.88,30,*,46.88,20,*,31.25,0,,0,0,,0,0,,0,0,,0,0,,0,0,,0,0,,0,0,,0,0,,0,0,,0,0,,0,0,,0,0,,0,0,,0,0,,0,0,,0,0,,0,64,3,67,0,67,52,119,56.3,1,1
7,09,02,04,0089,85,,39.53,69,*,32.09,61,*,28.37,0,,0,0,,0,0,,0,0,,0,0,,0,0,,0,0,,0,0,,0,0,,0,0,,0,0,,0,0,,0,0,,0,0,,0,0,,0,0,,0,0,,0,215,3,218,0,218,143,361,60.39,1,1
7,09,02,04,0090,72,,32,65,*,28.89,88,*,39.11,0,,0,0,,0,0,,0,0,,0,0,,0,0,,0,0,,0,0,,0,0,,0,0,,0,0,,0,0,,0,0,,0,0,,0,0,,0,0,,0,0,,0,225,9,234,0,234,171,405,57.78,1,1
7,09,02,04,0091,7,,38.89,3,*,16.67,8,*,44.44,0,,0,0,,0,0,,0,0,,0,0,,0,0,,0,0,,0,0,,0,0,,0,0,,0,0,,0,0,,0,0,,0,0,,0,0,,0,0,,0,0,,0,18,0,18,0,18,19,37,48.65,1,1
7,09,02,04,0092,53,,33.76,67,*,42.68,37,*,23.57,0,,0,0,,0,0,,0,0,,0,0,,0,0,,0,0,,0,0,,0,0,,0,0,,0,0,,0,0,,0,0,,0,0,,0,0,,0,0,,0,0,,0,157,3,160,0,160,107,267,59.93,1,1
7,09,02,04,0093,38,,24.05,94,*,59.49,26,*,16.46,0,,0,0,,0,0,,0,0,,0,0,,0,0,,0,0,,0,0,,0,0,,0,0,,0,0,,0,0,,0,0,,0,0,,0,0,,0,0,,0,0,,0,158,8,166,0,166,114,280,59.29,1,1
7,09,02,04,0094,20,,31.75,31,*,49.21,12,*,19.05,0,,0,0,,0,0,,0,0,,0,0,,0,0,,0,0,,0,0,,0,0,,0,0,,0,0,,0,0,,0,0,,0,0,,0,0,,0,0,,0,0,,0,63,2,65,0,65,82,147,44.22,1,1
7,09,02,04,0095,11,,14.29,23,*,29.87,43,*,55.84,0,,0,0,,0,0,,0,0,,0,0,,0,0,,0,0,,0,0,,0,0,,0,0,,0,0,,0,0,,0,0,,0,0,,0,0,,0,0,,0,0,,0,77,4,81,0,81,73,154,52.6,1,1
7,09,02,04,0096,37,,31.09,49,*,41.18,33,*,27.73,0,,0,0,,0,0,,0,0,,0,0,,0,0,,0,0,,0,0,,0,0,,0,0,,0,0,,0,0,,0,0,,0,0,,0,0,,0,0,,0,0,,0,119,1,120,0,120,107,227,52.86,1,1
7,09,02,04,0097,22,,33.33,20,*,30.3,24,*,36.36,0,,0,0,,0,0,,0,0,,0,0,,0,0,,0,0,,0,0,,0,0,,0,0,,0,0,,0,0,,0,0,,0,0,,0,0,,0,0,,0,0,,0,66,5,71,0,71,71,142,50,1,1
7,09,02,04,0098,16,,14.95,55,*,51.4,36,*,33.64,0,,0,0,,0,0,,0,0,,0,0,,0,0,,0,0,,0,0,,0,0,,0,0,,0,0,,0,0,,0,0,,0,0,,0,0,,0,0,,0,0,,0,107,5,112,0,112,98,210,53.33,1,1
7,09,02,04,0099,20,,17.24,34,*,29.31,62,*,53.45,0,,0,0,,0,0,,0,0,,0,0,,0,0,,0,0,,0,0,,0,0,,0,0,,0,0,,0,0,,0,0,,0,0,,0,0,,0,0,,0,0,,0,116,5,121,0,121,77,198,61.11,1,1
7,09,02,04,0100,17,,19.32,11,*,12.5,60,*,68.18,0,,0,0,,0,0,,0,0,,0,0,,0,0,,0,0,,0,0,,0,0,,0,0,,0,0,,0,0,,0,0,,0,0,,0,0,,0,0,,0,0,,0,88,2,90,0,90,42,132,68.18,1,1
7,09,04,04,0000,2902,*,66.44,1466,*,33.56,0,,0,0,,0,0,,0,0,,0,0,,0,0,,0,0,,0,0,,0,0,,0,0,,0,0,,0,0,,0,0,,0,0,,0,0,,0,0,,0,0,,0,0,,0,4368,266,4634,0,4634,4120,8754,52.94,59,59
7,09,04,04,0115,27,*,87.1,4,*,12.9,0,,0,0,,0,0,,0,0,,0,0,,0,0,,0,0,,0,0,,0,0,,0,0,,0,0,,0,0,,0,0,,0,0,,0,0,,0,0,,0,0,,0,0,,0,31,0,31,0,31,45,76,40.79,1,1
7,09,04,04,0116,16,*,76.19,5,*,23.81,0,,0,0,,0,0,,0,0,,0,0,,0,0,,0,0,,0,0,,0,0,,0,0,,0,0,,0,0,,0,0,,0,0,,0,0,,0,0,,0,0,,0,0,,0,21,4,25,0,25,38,63,39.68,1,1
7,09,04,04,0117,22,*,68.75,10,*,31.25,0,,0,0,,0,0,,0,0,,0,0,,0,0,,0,0,,0,0,,0,0,,0,0,,0,0,,0,0,,0,0,,0,0,,0,0,,0,0,,0,0,,0,0,,0,32,2,34,0,34,34,68,50,1,1
7,09,04,04,0118,24,*,88.89,3,*,11.11,0,,0,0,,0,0,,0,0,,0,0,,0,0,,0,0,,0,0,,0,0,,0,0,,0,0,,0,0,,0,0,,0,0,,0,0,,0,0,,0,0,,0,0,,0,27,1,28,0,28,39,67,41.79,1,1
7,09,04,04,0119,35,*,92.11,3,*,7.89,0,,0,0,,0,0,,0,0,,0,0,,0,0,,0,0,,0,0,,0,0,,0,0,,0,0,,0,0,,0,0,,0,0,,0,0,,0,0,,0,0,,0,0,,0,38,1,39,0,39,52,91,42.86,1,1
7,09,04,04,0120,42,*,80.77,10,*,19.23,0,,0,0,,0,0,,0,0,,0,0,,0,0,,0,0,,0,0,,0,0,,0,0,,0,0,,0,0,,0,0,,0,0,,0,0,,0,0,,0,0,,0,0,,0,52,1,53,0,53,38,91,58.24,1,1
7,09,04,04,0121,158,*,76.33,49,*,23.67,0,,0,0,,0,0,,0,0,,0,0,,0,0,,0,0,,0,0,,0,0,,0,0,,0,0,,0,0,,0,0,,0,0,,0,0,,0,0,,0,0,,0,0,,0,207,16,223,0,223,166,389,57.33,1,1
7,09,04,04,0122,58,*,77.33,17,*,22.67,0,,0,0,,0,0,,0,0,,0,0,,0,0,,0,0,,0,0,,0,0,,0,0,,0,0,,0,0,,0,0,,0,0,,0,0,,0,0,,0,0,,0,0,,0,75,4,79,0,79,58,137,57.66,1,1
7,09,04,04,0123,45,*,86.54,7,*,13.46,0,,0,0,,0,0,,0,0,,0,0,,0,0,,0,0,,0,0,,0,0,,0,0,,0,0,,0,0,,0,0,,0,0,,0,0,,0,0,,0,0,,0,0,,0,52,1,53,0,53,41,94,56.38,1,1
7,09,04,04,0124,31,*,81.58,7,*,18.42,0,,0,0,,0,0,,0,0,,0,0,,0,0,,0,0,,0,0,,0,0,,0,0,,0,0,,0,0,,0,0,,0,0,,0,0,,0,0,,0,0,,0,0,,0,38,5,43,0,43,51,94,45.74,1,1
7,09,04,04,0125,16,*,64,9,*,36,0,,0,0,,0,0,,0,0,,0,0,,0,0,,0,0,,0,0,,0,0,,0,0,,0,0,,0,0,,0,0,,0,0,,0,0,,0,0,,0,0,,0,0,,0,25,3,28,0,28,30,58,48.28,1,1
7,09,04,04,0126,31,*,81.58,7,*,18.42,0,,0,0,,0,0,,0,0,,0,0,,0,0,,0,0,,0,0,,0,0,,0,0,,0,0,,0,0,,0,0,,0,0,,0,0,,0,0,,0,0,,0,0,,0,38,1,39,0,39,50,89,43.82,1,1
7,09,04,04,0127,19,*,76,6,*,24,0,,0,0,,0,0,,0,0,,0,0,,0,0,,0,0,,0,0,,0,0,,0,0,,0,0,,0,0,,0,0,,0,0,,0,0,,0,0,,0,0,,0,0,,0,25,2,27,0,27,46,73,36.99,1,1
7,09,04,04,0128,36,*,92.31,3,*,7.69,0,,0,0,,0,0,,0,0,,0,0,,0,0,,0,0,,0,0,,0,0,,0,0,,0,0,,0,0,,0,0,,0,0,,0,0,,0,0,,0,0,,0,0,,0,39,1,40,0,40,46,86,46.51,1,1
7,09,04,04,0129,26,*,89.66,3,*,10.34,0,,0,0,,0,0,,0,0,,0,0,,0,0,,0,0,,0,0,,0,0,,0,0,,0,0,,0,0,,0,0,,0,0,,0,0,,0,0,,0,0,,0,0,,0,29,3,32,0,32,79,111,28.83,1,1
7,09,04,04,0130,32,*,84.21,6,*,15.79,0,,0,0,,0,0,,0,0,,0,0,,0,0,,0,0,,0,0,,0,0,,0,0,,0,0,,0,0,,0,0,,0,0,,0,0,,0,0,,0,0,,0,0,,0,38,5,43,0,43,33,76,56.58,1,1
7,09,04,04,0131,20,*,76.92,6,*,23.08,0,,0,0,,0,0,,0,0,,0,0,,0,0,,0,0,,0,0,,0,0,,0,0,,0,0,,0,0,,0,0,,0,0,,0,0,,0,0,,0,0,,0,0,,0,26,4,30,0,30,50,80,37.5,1,1
7,09,04,04,0132,35,*,79.55,9,*,20.45,0,,0,0,,0,0,,0,0,,0,0,,0,0,,0,0,,0,0,,0,0,,0,0,,0,0,,0,0,,0,0,,0,0,,0,0,,0,0,,0,0,,0,0,,0,44,7,51,0,51,37,88,57.95,1,1
7,09,04,04,0133,97,*,65.1,52,*,34.9,0,,0,0,,0,0,,0,0,,0,0,,0,0,,0,0,,0,0,,0,0,,0,0,,0,0,,0,0,,0,0,,0,0,,0,0,,0,0,,0,0,,0,0,,0,149,12,161,0,161,145,306,52.61,1,1
7,09,04,04,0134,80,*,78.43,22,*,21.57,0,,0,0,,0,0,,0,0,,0,0,,0,0,,0,0,,0,0,,0,0,,0,0,,0,0,,0,0,,0,0,,0,0,,0,0,,0,0,,0,0,,0,0,,0,102,19,121,0,121,75,196,61.73,1,1
7,09,04,04,0135,2,*,100,0,*,0,0,,0,0,,0,0,,0,0,,0,0,,0,0,,0,0,,0,0,,0,0,,0,0,,0,0,,0,0,,0,0,,0,0,,0,0,,0,0,,0,0,,0,0,,0,2,1,3,0,3,9,12,25,1,1
7,09,04,04,0136,78,*,74.29,27,*,25.71,0,,0,0,,0,0,,0,0,,0,0,,0,0,,0,0,,0,0,,0,0,,0,0,,0,0,,0,0,,0,0,,0,0,,0,0,,0,0,,0,0,,0,0,,0,105,0,105,0,105,72,177,59.32,1,1
7,09,04,04,0137,81,*,73.64,29,*,26.36,0,,0,0,,0,0,,0,0,,0,0,,0,0,,0,0,,0,0,,0,0,,0,0,,0,0,,0,0,,0,0,,0,0,,0,0,,0,0,,0,0,,0,0,,0,110,6,116,0,116,158,274,42.34,1,1
7,09,04,04,0138,13,*,72.22,5,*,27.78,0,,0,0,,0,0,,0,0,,0,0,,0,0,,0,0,,0,0,,0,0,,0,0,,0,0,,0,0,,0,0,,0,0,,0,0,,0,0,,0,0,,0,0,,0,18,2,20,0,20,19,39,51.28,1,1
7,09,04,04,0139,16,*,69.57,7,*,30.43,0,,0,0,,0,0,,0,0,,0,0,,0,0,,0,0,,0,0,,0,0,,0,0,,0,0,,0,0,,0,0,,0,0,,0,0,,0,0,,0,0,,0,0,,0,23,1,24,0,24,24,48,50,1,1
7,09,04,04,0140,19,*,76,6,*,24,0,,0,0,,0,0,,0,0,,0,0,,0,0,,0,0,,0,0,,0,0,,0,0,,0,0,,0,0,,0,0,,0,0,,0,0,,0,0,,0,0,,0,0,,0,25,2,27,0,27,25,52,51.92,1,1
7,09,04,04,0141,235,*,81.88,52,*,18.12,0,,0,0,,0,0,,0,0,,0,0,,0,0,,0,0,,0,0,,0,0,,0,0,,0,0,,0,0,,0,0,,0,0,,0,0,,0,0,,0,0,,0,0,,0,287,13,300,0,300,164,464,64.66,1,1
7,09,04,04,0142,162,*,86.63,25,*,13.37,0,,0,0,,0,0,,0,0,,0,0,,0,0,,0,0,,0,0,,0,0,,0,0,,0,0,,0,0,,0,0,,0,0,,0,0,,0,0,,0,0,,0,0,,0,187,8,195,0,195,141,336,58.04,1,1
7,09,04,04,0143,77,*,85.56,13,*,14.44,0,,0,0,,0,0,,0,0,,0,0,,0,0,,0,0,,0,0,,0,0,,0,0,,0,0,,0,0,,0,0,,0,0,,0,0,,0,0,,0,0,,0,0,,0,90,10,100,0,100,120,220,45.45,1,1
7,09,04,04,0144,83,*,76.85,25,*,23.15,0,,0,0,,0,0,,0,0,,0,0,,0,0,,0,0,,0,0,,0,0,,0,0,,0,0,,0,0,,0,0,,0,0,,0,0,,0,0,,0,0,,0,0,,0,108,7,115,0,115,90,205,56.1,1,1
7,09,04,04,0145,142,*,77.6,41,*,22.4,0,,0,0,,0,0,,0,0,,0,0,,0,0,,0,0,,0,0,,0,0,,0,0,,0,0,,0,0,,0,0,,0,0,,0,0,,0,0,,0,0,,0,0,,0,183,10,193,0,193,123,316,61.08,1,1
7,09,04,04,0146,107,*,82.31,23,*,17.69,0,,0,0,,0,0,,0,0,,0,0,,0,0,,0,0,,0,0,,0,0,,0,0,,0,0,,0,0,,0,0,,0,0,,0,0,,0,0,,0,0,,0,0,,0,130,7,137,0,137,88,225,60.89,1,1
7,09,04,04,0147,19,*,65.52,10,*,34.48,0,,0,0,,0,0,,0,0,,0,0,,0,0,,0,0,,0,0,,0,0,,0,0,,0,0,,0,0,,0,0,,0,0,,0,0,,0,0,,0,0,,0,0,,0,29,4,33,0,33,38,71,46.48,1,1
7,09,04,04,0148,8,*,88.89,1,*,11.11,0,,0,0,,0,0,,0,0,,0,0,,0,0,,0,0,,0,0,,0,0,,0,0,,0,0,,0,0,,0,0,,0,0,,0,0,,0,0,,0,0,,0,0,,0,9,0,9,0,9,26,35,25.71,1,1
7,09,04,04,0149,11,*,91.67,1,*,8.33,0,,0,0,,0,0,,0,0,,0,0,,0,0,,0,0,,0,0,,0,0,,0,0,,0,0,,0,0,,0,0,,0,0,,0,0,,0,0,,0,0,,0,0,,0,12,0,12,0,12,17,29,41.38,1,1
7,09,04,04,0150,21,*,75,7,*,25,0,,0,0,,0,0,,0,0,,0,0,,0,0,,0,0,,0,0,,0,0,,0,0,,0,0,,0,0,,0,0,,0,0,,0,0,,0,0,,0,0,,0,0,,0,28,1,29,0,29,40,69,42.03,1,1
7,09,04,04,0151,17,*,85,3,*,15,0,,0,0,,0,0,,0,0,,0,0,,0,0,,0,0,,0,0,,0,0,,0,0,,0,0,,0,0,,0,0,,0,0,,0,0,,0,0,,0,0,,0,0,,0,20,3,23,0,23,23,46,50,1,1
7,09,04,04,0152,15,*,71.43,6,*,28.57,0,,0,0,,0,0,,0,0,,0,0,,0,0,,0,0,,0,0,,0,0,,0,0,,0,0,,0,0,,0,0,,0,0,,0,0,,0,0,,0,0,,0,0,,0,21,2,23,0,23,23,46,50,1,1
7,09,04,04,0153,11,*,68.75,5,*,31.25,0,,0,0,,0,0,,0,0,,0,0,,0,0,,0,0,,0,0,,0,0,,0,0,,0,0,,0,0,,0,0,,0,0,,0,0,,0,0,,0,0,,0,0,,0,16,1,17,0,17,23,40,42.5,1,1
7,09,04,04,0154,23,*,92,2,*,8,0,,0,0,,0,0,,0,0,,0,0,,0,0,,0,0,,0,0,,0,0,,0,0,,0,0,,0,0,,0,0,,0,0,,0,0,,0,0,,0,0,,0,0,,0,25,1,26,0,26,32,58,44.83,1,1
7,09,04,04,0155,12,*,85.71,2,*,14.29,0,,0,0,,0,0,,0,0,,0,0,,0,0,,0,0,,0,0,,0,0,,0,0,,0,0,,0,0,,0,0,,0,0,,0,0,,0,0,,0,0,,0,0,,0,14,3,17,0,17,20,37,45.95,1,1
7,09,04,04,0156,7,*,87.5,1,*,12.5,0,,0,0,,0,0,,0,0,,0,0,,0,0,,0,0,,0,0,,0,0,,0,0,,0,0,,0,0,,0,0,,0,0,,0,0,,0,0,,0,0,,0,0,,0,8,0,8,0,8,8,16,50,1,1
7,09,04,04,0157,62,*,60.78,40,*,39.22,0,,0,0,,0,0,,0,0,,0,0,,0,0,,0,0,,0,0,,0,0,,0,0,,0,0,,0,0,,0,0,,0,0,,0,0,,0,0,,0,0,,0,0,,0,102,6,108,0,108,85,193,55.96,1,1
7,09,04,04,0158,49,*,59.76,33,*,40.24,0,,0,0,,0,0,,0,0,,0,0,,0,0,,0,0,,0,0,,0,0,,0,0,,0,0,,0,0,,0,0,,0,0,,0,0,,0,0,,0,0,,0,0,,0,82,3,85,0,85,78,163,52.15,1,1
7,09,04,04,0159,45,*,56.25,35,*,43.75,0,,0,0,,0,0,,0,0,,0,0,,0,0,,0,0,,0,0,,0,0,,0,0,,0,0,,0,0,,0,0,,0,0,,0,0,,0,0,,0,0,,0,0,,0,80,3,83,0,83,54,137,60.58,1,1
7,09,04,04,0160,55,*,55.56,44,*,44.44,0,,0,0,,0,0,,0,0,,0,0,,0,0,,0,0,,0,0,,0,0,,0,0,,0,0,,0,0,,0,0,,0,0,,0,0,,0,0,,0,0,,0,0,,0,99,4,103,0,103,74,177,58.19,1,1
7,09,04,04,0161,50,*,74.63,17,*,25.37,0,,0,0,,0,0,,0,0,,0,0,,0,0,,0,0,,0,0,,0,0,,0,0,,0,0,,0,0,,0,0,,0,0,,0,0,,0,0,,0,0,,0,0,,0,67,1,68,0,68,66,134,50.75,1,1
7,09,04,04,0162,60,*,43.48,78,*,56.52,0,,0,0,,0,0,,0,0,,0,0,,0,0,,0,0,,0,0,,0,0,,0,0,,0,0,,0,0,,0,0,,0,0,,0,0,,0,0,,0,0,,0,0,,0,138,5,143,0,143,118,261,54.79,1,1
7,09,04,04,0163,63,*,42.28,86,*,57.72,0,,0,0,,0,0,,0,0,,0,0,,0,0,,0,0,,0,0,,0,0,,0,0,,0,0,,0,0,,0,0,,0,0,,0,0,,0,0,,0,0,,0,0,,0,149,12,161,0,161,115,276,58.33,1,1
7,09,04,04,0164,40,*,21.62,145,*,78.38,0,,0,0,,0,0,,0,0,,0,0,,0,0,,0,0,,0,0,,0,0,,0,0,,0,0,,0,0,,0,0,,0,0,,0,0,,0,0,,0,0,,0,0,,0,185,7,192,0,192,133,325,59.08,1,1
7,09,04,04,0165,56,*,22.22,196,*,77.78,0,,0,0,,0,0,,0,0,,0,0,,0,0,,0,0,,0,0,,0,0,,0,0,,0,0,,0,0,,0,0,,0,0,,0,0,,0,0,,0,0,,0,0,,0,252,5,257,0,257,175,432,59.49,1,1
7,09,04,04,0166,53,*,55.21,43,*,44.79,0,,0,0,,0,0,,0,0,,0,0,,0,0,,0,0,,0,0,,0,0,,0,0,,0,0,,0,0,,0,0,,0,0,,0,0,,0,0,,0,0,,0,0,,0,96,6,102,0,102,121,223,45.74,1,1
7,09,04,04,0167,46,*,61.33,29,*,38.67,0,,0,0,,0,0,,0,0,,0,0,,0,0,,0,0,,0,0,,0,0,,0,0,,0,0,,0,0,,0,0,,0,0,,0,0,,0,0,,0,0,,0,0,,0,75,3,78,0,78,126,204,38.24,1,1
7,09,04,04,0168,51,*,56.04,40,*,43.96,0,,0,0,,0,0,,0,0,,0,0,,0,0,,0,0,,0,0,,0,0,,0,0,,0,0,,0,0,,0,0,,0,0,,0,0,,0,0,,0,0,,0,0,,0,91,6,97,0,97,103,200,48.5,1,1
7,09,04,04,0169,55,*,60.44,36,*,39.56,0,,0,0,,0,0,,0,0,,0,0,,0,0,,0,0,,0,0,,0,0,,0,0,,0,0,,0,0,,0,0,,0,0,,0,0,,0,0,,0,0,,0,0,,0,91,7,98,0,98,101,199,49.25,1,1
7,09,04,04,0170,39,*,54.93,32,*,45.07,0,,0,0,,0,0,,0,0,,0,0,,0,0,,0,0,,0,0,,0,0,,0,0,,0,0,,0,0,,0,0,,0,0,,0,0,,0,0,,0,0,,0,0,,0,71,10,81,0,81,74,155,52.26,1,1
7,09,04,04,0171,52,*,56.52,40,*,43.48,0,,0,0,,0,0,,0,0,,0,0,,0,0,,0,0,,0,0,,0,0,,0,0,,0,0,,0,0,,0,0,,0,0,,0,0,,0,0,,0,0,,0,0,,0,92,5,97,0,97,135,232,41.81,1,1
7,09,04,04,0172,47,*,62.67,28,*,37.33,0,,0,0,,0,0,,0,0,,0,0,,0,0,,0,0,,0,0,,0,0,,0,0,,0,0,,0,0,,0,0,,0,0,,0,0,,0,0,,0,0,,0,0,,0,75,4,79,0,79,71,150,52.67,1,1
7,09,04,04,0173,70,*,82.35,15,*,17.65,0,,0,0,,0,0,,0,0,,0,0,,0,0,,0,0,,0,0,,0,0,,0,0,,0,0,,0,0,,0,0,,0,0,,0,0,,0,0,,0,0,,0,0,,0,85,5,90,0,90,55,145,62.07,1,1
7,09,05,04,0000,213,,7.4,191,,6.63,511,*,17.75,343,,11.91,457,*,15.87,300,,10.42,406,,14.1,458,*,15.91,0,,0,0,,0,0,,0,0,,0,0,,0,0,,0,0,,0,0,,0,0,,0,0,,0,0,,0,0,,0,2879,91,2970,1,2971,1252,4223,70.33,21,21
7,09,05,04,0174,10,,4.35,15,,6.52,39,*,16.96,20,,8.7,40,*,17.39,28,,12.17,32,,13.91,46,*,20,0,,0,0,,0,0,,0,0,,0,0,,0,0,,0,0,,0,0,,0,0,,0,0,,0,0,,0,0,,0,230,6,236,0,236,85,321,73.52,1,1
7,09,05,04,0175,1,,4.76,1,,4.76,2,*,9.52,2,,9.52,2,*,9.52,5,,23.81,3,,14.29,5,*,23.81,0,,0,0,,0,0,,0,0,,0,0,,0,0,,0,0,,0,0,,0,0,,0,0,,0,0,,0,0,,0,21,4,25,0,25,9,34,73.53,1,1
7,09,05,04,0176,0,,0,1,,1.79,5,*,8.93,16,,28.57,9,*,16.07,5,,8.93,8,,14.29,12,*,21.43,0,,0,0,,0,0,,0,0,,0,0,,0,0,,0,0,,0,0,,0,0,,0,0,,0,0,,0,0,,0,56,4,60,0,60,28,88,68.18,1,1
7,09,05,04,0177,2,,4.88,1,,2.44,4,*,9.76,14,,34.15,5,*,12.2,1,,2.44,4,,9.76,10,*,24.39,0,,0,0,,0,0,,0,0,,0,0,,0,0,,0,0,,0,0,,0,0,,0,0,,0,0,,0,0,,0,41,1,42,0,42,13,55,76.36,1,1
7,09,05,04,0178,5,,11.36,1,,2.27,9,*,20.45,11,,25,2,*,4.55,0,,0,2,,4.55,14,*,31.82,0,,0,0,,0,0,,0,0,,0,0,,0,0,,0,0,,0,0,,0,0,,0,0,,0,0,,0,0,,0,44,4,48,0,48,22,70,68.57,1,1
7,09,05,04,0179,1,,1.54,0,,0,8,*,12.31,21,,32.31,3,*,4.62,4,,6.15,12,,18.46,16,*,24.62,0,,0,0,,0,0,,0,0,,0,0,,0,0,,0,0,,0,0,,0,0,,0,0,,0,0,,0,0,,0,65,4,69,0,69,39,108,63.89,1,1
7,09,05,04,0180,2,,1.96,0,,0,2,*,1.96,13,,12.75,24,*,23.53,20,,19.61,18,,17.65,23,*,22.55,0,,0,0,,0,0,,0,0,,0,0,,0,0,,0,0,,0,0,,0,0,,0,0,,0,0,,0,0,,0,102,5,107,0,107,82,189,56.61,1,1
7,09,05,04,0181,2,,3.57,0,,0,8,*,14.29,7,,12.5,8,*,14.29,10,,17.86,5,,8.93,16,*,28.57,0,,0,0,,0,0,,0,0,,0,0,,0,0,,0,0,,0,0,,0,0,,0,0,,0,0,,0,0,,0,56,1,57,0,57,40,97,58.76,1,1
7,09,05,04,0182,14,,5.15,5,,1.84,74,*,27.21,7,,2.57,31,*,11.4,32,,11.76,31,,11.4,78,*,28.68,0,,0,0,,0,0,,0,0,,0,0,,0,0,,0,0,,0,0,,0,0,,0,0,,0,0,,0,0,,0,272,6,278,0,278,139,417,66.67,1,1
7,09,05,04,0183,2,,2.44,1,,1.22,15,*,18.29,11,,13.41,7,*,8.54,7,,8.54,12,,14.63,27,*,32.93,0,,0,0,,0,0,,0,0,,0,0,,0,0,,0,0,,0,0,,0,0,,0,0,,0,0,,0,0,,0,82,3,85,0,85,41,126,67.46,1,1
7,09,05,04,0184,15,,3.25,0,,0,188,*,40.69,14,,3.03,37,*,8.01,67,,14.5,99,,21.43,42,*,9.09,0,,0,0,,0,0,,0,0,,0,0,,0,0,,0,0,,0,0,,0,0,,0,0,,0,0,,0,0,,0,462,8,470,1,471,156,627,74.96,1,1
7,09,05,04,0185,6,,2.7,7,,3.15,68,*,30.63,27,,12.16,11,*,4.95,22,,9.91,33,,14.86,48,*,21.62,0,,0,0,,0,0,,0,0,,0,0,,0,0,,0,0,,0,0,,0,0,,0,0,,0,0,,0,0,,0,222,7,229,0,229,79,308,74.35,1,1
7,09,05,04,0186,9,,5.66,3,,1.89,28,*,17.61,24,,15.09,25,*,15.72,20,,12.58,16,,10.06,34,*,21.38,0,,0,0,,0,0,,0,0,,0,0,,0,0,,0,0,,0,0,,0,0,,0,0,,0,0,,0,0,,0,159,4,163,0,163,75,238,68.49,1,1
7,09,05,04,0187,0,,0,1,,5.26,3,*,15.79,3,,15.79,7,*,36.84,3,,15.79,1,,5.26,1,*,5.26,0,,0,0,,0,0,,0,0,,0,0,,0,0,,0,0,,0,0,,0,0,,0,0,,0,0,,0,0,,0,19,1,20,0,20,12,32,62.5,1,1
7,09,05,04,0188,0,,0,1,,1.16,11,*,12.79,14,,16.28,15,*,17.44,5,,5.81,24,,27.91,16,*,18.6,0,,0,0,,0,0,,0,0,,0,0,,0,0,,0,0,,0,0,,0,0,,0,0,,0,0,,0,0,,0,86,6,92,0,92,34,126,73.02,1,1
7,09,05,04,0189,0,,0,0,,0,7,*,18.42,6,,15.79,11,*,28.95,2,,5.26,3,,7.89,9,*,23.68,0,,0,0,,0,0,,0,0,,0,0,,0,0,,0,0,,0,0,,0,0,,0,0,,0,0,,0,0,,0,38,2,40,0,40,24,64,62.5,1,1
7,09,05,04,0190,0,,0,0,,0,4,*,11.43,17,,48.57,3,*,8.57,3,,8.57,6,,17.14,2,*,5.71,0,,0,0,,0,0,,0,0,,0,0,,0,0,,0,0,,0,0,,0,0,,0,0,,0,0,,0,0,,0,35,1,36,0,36,9,45,80,1,1
7,09,05,04,0191,16,,17.58,2,,2.2,3,*,3.3,3,,3.3,7,*,7.69,20,,21.98,17,,18.68,23,*,25.27,0,,0,0,,0,0,,0,0,,0,0,,0,0,,0,0,,0,0,,0,0,,0,0,,0,0,,0,0,,0,91,2,93,0,93,33,126,73.81,1,1
7,09,05,04,0192,115,,29.11,2,,0.51,7,*,1.77,20,,5.06,174,*,44.05,21,,5.32,47,,11.9,9,*,2.28,0,,0,0,,0,0,,0,0,,0,0,,0,0,,0,0,,0,0,,0,0,,0,0,,0,0,,0,0,,0,395,10,405,0,405,151,556,72.84,1,1
7,09,05,04,0193,5,,4.39,32,,28.07,6,*,5.26,12,,10.53,20,*,17.54,15,,13.16,14,,12.28,10,*,8.77,0,,0,0,,0,0,,0,0,,0,0,,0,0,,0,0,,0,0,,0,0,,0,0,,0,0,,0,0,,0,114,7,121,0,121,44,165,73.33,1,1
7,09,05,04,0194,8,,2.77,118,,40.83,20,*,6.92,81,,28.03,16,*,5.54,10,,3.46,19,,6.57,17,*,5.88,0,,0,0,,0,0,,0,0,,0,0,,0,0,,0,0,,0,0,,0,0,,0,0,,0,0,,0,0,,0,289,5,294,0,294,137,431,68.21,1,1
7,09,06,04,0000,255,*,29.14,224,*,25.6,207,,23.66,189,,21.6,0,,0,0,,0,0,,0,0,,0,0,,0,0,,0,0,,0,0,,0,0,,0,0,,0,0,,0,0,,0,0,,0,0,,0,0,,0,0,,0,875,22,897,0,897,355,1252,71.65,15,15
7,09,06,04,0195,8,*,44.44,2,*,11.11,4,,22.22,4,,22.22,0,,0,0,,0,0,,0,0,,0,0,,0,0,,0,0,,0,0,,0,0,,0,0,,0,0,,0,0,,0,0,,0,0,,0,0,,0,0,,0,18,1,19,0,19,7,26,73.08,1,1
7,09,06,04,0196,3,*,33.33,0,*,0,5,,55.56,1,,11.11,0,,0,0,,0,0,,0,0,,0,0,,0,0,,0,0,,0,0,,0,0,,0,0,,0,0,,0,0,,0,0,,0,0,,0,0,,0,0,,0,9,0,9,0,9,5,14,64.29,1,1
7,09,06,04,0197,2,*,16.67,0,*,0,8,,66.67,2,,16.67,0,,0,0,,0,0,,0,0,,0,0,,0,0,,0,0,,0,0,,0,0,,0,0,,0,0,,0,0,,0,0,,0,0,,0,0,,0,0,,0,12,0,12,0,12,6,18,66.67,1,1
7,09,06,04,0198,22,*,47.83,7,*,15.22,9,,19.57,8,,17.39,0,,0,0,,0,0,,0,0,,0,0,,0,0,,0,0,,0,0,,0,0,,0,0,,0,0,,0,0,,0,0,,0,0,,0,0,,0,0,,0,46,1,47,0,47,17,64,73.44,1,1
7,09,06,04,0199,86,*,31.05,15,*,5.42,65,,23.47,111,,40.07,0,,0,0,,0,0,,0,0,,0,0,,0,0,,0,0,,0,0,,0,0,,0,0,,0,0,,0,0,,0,0,,0,0,,0,0,,0,0,,0,277,5,282,0,282,100,382,73.82,1,1
7,09,06,04,0200,21,*,30,10,*,14.29,14,,20,25,,35.71,0,,0,0,,0,0,,0,0,,0,0,,0,0,,0,0,,0,0,,0,0,,0,0,,0,0,,0,0,,0,0,,0,0,,0,0,,0,0,,0,70,3,73,0,73,36,109,66.97,1,1
7,09,06,04,0201,36,*,28.57,51,*,40.48,34,,26.98,5,,3.97,0,,0,0,,0,0,,0,0,,0,0,,0,0,,0,0,,0,0,,0,0,,0,0,,0,0,,0,0,,0,0,,0,0,,0,0,,0,0,,0,126,1,127,0,127,42,169,75.15,1,1
7,09,06,04,0202,5,*,4.35,77,*,66.96,30,,26.09,3,,2.61,0,,0,0,,0,0,,0,0,,0,0,,0,0,,0,0,,0,0,,0,0,,0,0,,0,0,,0,0,,0,0,,0,0,,0,0,,0,0,,0,115,1,116,0,116,34,150,77.33,1,1
7,09,06,04,0203,16,*,24.24,27,*,40.91,15,,22.73,8,,12.12,0,,0,0,,0,0,,0,0,,0,0,,0,0,,0,0,,0,0,,0,0,,0,0,,0,0,,0,0,,0,0,,0,0,,0,0,,0,0,,0,66,4,70,0,70,33,103,67.96,1,1
7,09,06,04,0204,10,*,52.63,2,*,10.53,3,,15.79,4,,21.05,0,,0,0,,0,0,,0,0,,0,0,,0,0,,0,0,,0,0,,0,0,,0,0,,0,0,,0,0,,0,0,,0,0,,0,0,,0,0,,0,19,1,20,0,20,7,27,74.07,1,1
7,09,06,04,0205,4,*,57.14,2,*,28.57,1,,14.29,0,,0,0,,0,0,,0,0,,0,0,,0,0,,0,0,,0,0,,0,0,,0,0,,0,0,,0,0,,0,0,,0,0,,0,0,,0,0,,0,0,,0,7,1,8,0,8,2,10,80,1,1
7,09,06,04,0206,1,*,25,1,*,25,1,,25,1,,25,0,,0,0,,0,0,,0,0,,0,0,,0,0,,0,0,,0,0,,0,0,,0,0,,0,0,,0,0,,0,0,,0,0,,0,0,,0,0,,0,4,1,5,0,5,7,12,41.67,1,1
7,09,06,04,0207,3,*,27.27,2,*,18.18,1,,9.09,5,,45.45,0,,0,0,,0,0,,0,0,,0,0,,0,0,,0,0,,0,0,,0,0,,0,0,,0,0,,0,0,,0,0,,0,0,,0,0,,0,0,,0,11,1,12,0,12,6,18,66.67,1,1
7,09,06,04,0208,28,*,42.42,21,*,31.82,11,,16.67,6,,9.09,0,,0,0,,0,0,,0,0,,0,0,,0,0,,0,0,,0,0,,0,0,,0,0,,0,0,,0,0,,0,0,,0,0,,0,0,,0,0,,0,66,0,66,0,66,45,111,59.46,1,1
7,09,06,04,0209,10,*,34.48,7,*,24.14,6,,20.69,6,,20.69,0,,0,0,,0,0,,0,0,,0,0,,0,0,,0,0,,0,0,,0,0,,0,0,,0,0,,0,0,,0,0,,0,0,,0,0,,0,0,,0,29,2,31,0,31,8,39,79.49,1,1
7,09,07,03,0000,368,*,23.1,292,,18.33,313,*,19.65,239,,15,381,*,23.92,0,,0,0,,0,0,,0,0,,0,0,,0,0,,0,0,,0,0,,0,0,,0,0,,0,0,,0,0,,0,0,,0,0,,0,0,,0,1593,51,1644,0,1644,978,2622,62.7,11,11
7,09,07,03,0210,42,*,20.19,59,,28.37,25,*,12.02,33,,15.87,49,*,23.56,0,,0,0,,0,0,,0,0,,0,0,,0,0,,0,0,,0,0,,0,0,,0,0,,0,0,,0,0,,0,0,,0,0,,0,0,,0,208,8,216,0,216,120,336,64.29,1,1
7,09,07,03,0211,6,*,17.65,6,,17.65,9,*,26.47,2,,5.88,11,*,32.35,0,,0,0,,0,0,,0,0,,0,0,,0,0,,0,0,,0,0,,0,0,,0,0,,0,0,,0,0,,0,0,,0,0,,0,0,,0,34,2,36,0,36,27,63,57.14,1,1
7,09,07,03,0212,139,*,35.64,77,,19.74,43,*,11.03,65,,16.67,66,*,16.92,0,,0,0,,0,0,,0,0,,0,0,,0,0,,0,0,,0,0,,0,0,,0,0,,0,0,,0,0,,0,0,,0,0,,0,0,,0,390,11,401,0,401,246,647,61.98,1,1
7,09,07,03,0213,109,*,27.32,79,,19.8,50,*,12.53,57,,14.29,104,*,26.07,0,,0,0,,0,0,,0,0,,0,0,,0,0,,0,0,,0,0,,0,0,,0,0,,0,0,,0,0,,0,0,,0,0,,0,0,,0,399,12,411,0,411,231,642,64.02,1,1
7,09,07,03,0214,34,*,16.83,39,,19.31,35,*,17.33,30,,14.85,64,*,31.68,0,,0,0,,0,0,,0,0,,0,0,,0,0,,0,0,,0,0,,0,0,,0,0,,0,0,,0,0,,0,0,,0,0,,0,0,,0,202,4,206,0,206,162,368,55.98,1,1
7,09,07,03,0221,5,*,9.26,8,,14.81,12,*,22.22,12,,22.22,17,*,31.48,0,,0,0,,0,0,,0,0,,0,0,,0,0,,0,0,,0,0,,0,0,,0,0,,0,0,,0,0,,0,0,,0,0,,0,0,,0,54,5,59,0,59,21,80,73.75,1,1
7,09,07,03,0222,18,*,14.06,13,,10.16,51,*,39.84,20,,15.63,26,*,20.31,0,,0,0,,0,0,,0,0,,0,0,,0,0,,0,0,,0,0,,0,0,,0,0,,0,0,,0,0,,0,0,,0,0,,0,0,,0,128,5,133,0,133,107,240,55.42,1,1
7,09,07,03,0223,0,*,0,0,,0,2,*,50,2,,50,0,*,0,0,,0,0,,0,0,,0,0,,0,0,,0,0,,0,0,,0,0,,0,0,,0,0,,0,0,,0,0,,0,0,,0,0,,0,0,,0,4,0,4,0,4,1,5,80,1,1
7,09,07,03,0224,11,*,7.86,8,,5.71,82,*,58.57,16,,11.43,23,*,16.43,0,,0,0,,0,0,,0,0,,0,0,,0,0,,0,0,,0,0,,0,0,,0,0,,0,0,,0,0,,0,0,,0,0,,0,0,,0,140,4,144,0,144,42,186,77.42,1,1
7,09,07,03,0225,1,*,5.56,2,,11.11,2,*,11.11,2,,11.11,11,*,61.11,0,,0,0,,0,0,,0,0,,0,0,,0,0,,0,0,,0,0,,0,0,,0,0,,0,0,,0,0,,0,0,,0,0,,0,0,,0,18,0,18,0,18,13,31,58.06,1,1
7,09,07,03,0226,3,*,18.75,1,,6.25,2,*,12.5,0,,0,10,*,62.5,0,,0,0,,0,0,,0,0,,0,0,,0,0,,0,0,,0,0,,0,0,,0,0,,0,0,,0,0,,0,0,,0,0,,0,0,,0,16,0,16,0,16,8,24,66.67,1,1
7,09,07,04,0000,310,!,16.33,353,-,18.6,451,*,23.76,784,*,41.31,0,,0,0,,0,0,,0,0,,0,0,,0,0,,0,0,,0,0,,0,0,,0,0,,0,0,,0,0,,0,0,,0,0,,0,0,,0,0,,0,1898,33,1931,0,1931,961,2892,66.77,6,6
7,09,07,04,0215,134,!,29.19,75,-,16.34,105,*,22.88,145,*,31.59,0,,0,0,,0,0,,0,0,,0,0,,0,0,,0,0,,0,0,,0,0,,0,0,,0,0,,0,0,,0,0,,0,0,,0,0,,0,0,,0,459,16,475,0,475,231,706,67.28,1,1
7,09,07,04,0216,10,!,11.76,13,-,15.29,23,*,27.06,39,*,45.88,0,,0,0,,0,0,,0,0,,0,0,,0,0,,0,0,,0,0,,0,0,,0,0,,0,0,,0,0,,0,0,,0,0,,0,0,,0,0,,0,85,3,88,0,88,49,137,64.23,1,1
7,09,07,04,0217,17,!,6.46,86,-,32.7,55,*,20.91,105,*,39.92,0,,0,0,,0,0,,0,0,,0,0,,0,0,,0,0,,0,0,,0,0,,0,0,,0,0,,0,0,,0,0,,0,0,,0,0,,0,0,,0,263,2,265,0,265,133,398,66.58,1,1
7,09,07,04,0218,13,!,8.55,20,-,13.16,29,*,19.08,90,*,59.21,0,,0,0,,0,0,,0,0,,0,0,,0,0,,0,0,,0,0,,0,0,,0,0,,0,0,,0,0,,0,0,,0,0,,0,0,,0,0,,0,152,4,156,0,156,91,247,63.16,1,1
7,09,07,04,0219,47,!,10.06,55,-,11.78,144,*,30.84,221,*,47.32,0,,0,0,,0,0,,0,0,,0,0,,0,0,,0,0,,0,0,,0,0,,0,0,,0,0,,0,0,,0,0,,0,0,,0,0,,0,0,,0,467,3,470,0,470,227,697,67.43,1,1
7,09,07,04,0220,89,!,18.86,104,-,22.03,95,*,20.13,184,*,38.98,0,,0,0,,0,0,,0,0,,0,0,,0,0,,0,0,,0,0,,0,0,,0,0,,0,0,,0,0,,0,0,,0,0,,0,0,,0,0,,0,472,5,477,0,477,230,707,67.47,1,1
7,09,08,02,0000,351,*,15.96,376,*,17.1,274,,12.46,219,,9.96,310,*,14.1,304,*,13.82,28,,1.27,337,*,15.33,0,,0,0,,0,0,,0,0,,0,0,,0,0,,0,0,,0,0,,0,0,,0,0,,0,0,,0,0,,0,2199,47,2246,0,2246,981,3227,69.6,7,7
7,09,08,02,0227,14,*,3.51,7,*,1.75,197,,49.37,5,,1.25,152,*,38.1,10,*,2.51,2,,0.5,12,*,3.01,0,,0,0,,0,0,,0,0,,0,0,,0,0,,0,0,,0,0,,0,0,,0,0,,0,0,,0,0,,0,399,6,405,0,405,190,595,68.07,1,1
7,09,08,02,0228,9,*,2,43,*,9.56,64,,14.22,7,,1.56,52,*,11.56,19,*,4.22,7,,1.56,249,*,55.33,0,,0,0,,0,0,,0,0,,0,0,,0,0,,0,0,,0,0,,0,0,,0,0,,0,0,,0,0,,0,450,9,459,0,459,151,610,75.25,1,1
7,09,08,02,0229,110,*,40.59,73,*,26.94,3,,1.11,19,,7.01,10,*,3.69,34,*,12.55,6,,2.21,16,*,5.9,0,,0,0,,0,0,,0,0,,0,0,,0,0,,0,0,,0,0,,0,0,,0,0,,0,0,,0,0,,0,271,6,277,0,277,115,392,70.66,1,1
7,09,08,02,0230,100,*,26.81,131,*,35.12,3,,0.8,18,,4.83,49,*,13.14,30,*,8.04,0,,0,42,*,11.26,0,,0,0,,0,0,,0,0,,0,0,,0,0,,0,0,,0,0,,0,0,,0,0,,0,0,,0,0,,0,373,10,383,0,383,136,519,73.8,1,1
7,09,08,02,0231,65,*,39.16,61,*,36.75,2,,1.2,16,,9.64,8,*,4.82,13,*,7.83,0,,0,1,*,0.6,0,,0,0,,0,0,,0,0,,0,0,,0,0,,0,0,,0,0,,0,0,,0,0,,0,0,,0,0,,0,166,4,170,0,170,156,326,52.15,1,1
7,09,08,02,0232,32,*,10.03,21,*,6.58,3,,0.94,142,,44.51,28,*,8.78,80,*,25.08,5,,1.57,8,*,2.51,0,,0,0,,0,0,,0,0,,0,0,,0,0,,0,0,,0,0,,0,0,,0,0,,0,0,,0,0,,0,319,10,329,0,329,192,521,63.15,1,1
7,09,08,02,0233,21,*,9.5,40,*,18.1,2,,0.9,12,,5.43,11,*,4.98,118,*,53.39,8,,3.62,9,*,4.07,0,,0,0,,0,0,,0,0,,0,0,,0,0,,0,0,,0,0,,0,0,,0,0,,0,0,,0,0,,0,221,2,223,0,223,41,264,84.47,1,1
7,09,10,03,0000,195,,8.99,220,-,10.14,146,,6.73,350,*,16.13,42,,1.94,142,,6.54,205,!,9.45,114,,5.25,308,*,14.19,161,,7.42,287,*,13.23,0,,0,0,,0,0,,0,0,,0,0,,0,0,,0,0,,0,0,,0,0,,0,2170,53,2223,0,2223,1169,3392,65.54,13,13
7,09,10,03,0241,0,,0,6,-,20,0,,0,7,*,23.33,3,,10,1,,3.33,4,!,13.33,0,,0,4,*,13.33,1,,3.33,4,*,13.33,0,,0,0,,0,0,,0,0,,0,0,,0,0,,0,0,,0,0,,0,0,,0,30,0,30,0,30,19,49,61.22,1,1
7,09,10,03,0242,9,,11.84,7,-,9.21,4,,5.26,12,*,15.79,10,,13.16,7,,9.21,17,!,22.37,3,,3.95,4,*,5.26,0,,0,3,*,3.95,0,,0,0,,0,0,,0,0,,0,0,,0,0,,0,0,,0,0,,0,0,,0,76,0,76,0,76,55,131,58.02,1,1
7,09,10,03,0243,8,,22.86,3,-,8.57,2,,5.71,8,*,22.86,1,,2.86,0,,0,1,!,2.86,0,,0,3,*,8.57,0,,0,9,*,25.71,0,,0,0,,0,0,,0,0,,0,0,,0,0,,0,0,,0,0,,0,0,,0,35,2,37,0,37,27,64,57.81,1,1
7,09,10,03,0244,8,,5.44,4,-,2.72,14,,9.52,10,*,6.8,2,,1.36,6,,4.08,25,!,17.01,6,,4.08,59,*,40.14,6,,4.08,7,*,4.76,0,,0,0,,0,0,,0,0,,0,0,,0,0,,0,0,,0,0,,0,0,,0,147,3,150,0,150,94,244,61.48,1,1
7,09,10,03,0245,9,,7.96,2,-,1.77,61,,53.98,14,*,12.39,0,,0,8,,7.08,4,!,3.54,0,,0,4,*,3.54,2,,1.77,9,*,7.96,0,,0,0,,0,0,,0,0,,0,0,,0,0,,0,0,,0,0,,0,0,,0,113,4,117,0,117,51,168,69.64,1,1
7,09,10,03,0246,13,,12.87,4,-,3.96,7,,6.93,14,*,13.86,0,,0,4,,3.96,21,!,20.79,2,,1.98,20,*,19.8,1,,0.99,15,*,14.85,0,,0,0,,0,0,,0,0,,0,0,,0,0,,0,0,,0,0,,0,0,,0,101,2,103,0,103,69,172,59.88,1,1
7,09,10,03,0247,21,,15.67,16,-,11.94,5,,3.73,14,*,10.45,7,,5.22,4,,2.99,15,!,11.19,1,,0.75,33,*,24.63,2,,1.49,16,*,11.94,0,,0,0,,0,0,,0,0,,0,0,,0,0,,0,0,,0,0,,0,0,,0,134,4,138,0,138,78,216,63.89,1,1
7,09,10,03,0248,19,,5.81,55,-,16.82,12,,3.67,44,*,13.46,12,,3.67,11,,3.36,49,!,14.98,24,,7.34,82,*,25.08,3,,0.92,16,*,4.89,0,,0,0,,0,0,,0,0,,0,0,,0,0,,0,0,,0,0,,0,0,,0,327,10,337,0,337,131,468,72.01,1,1
7,09,10,03,0249,13,,3.1,22,-,5.24,8,,1.9,135,*,32.14,2,,0.48,4,,0.95,35,!,8.33,0,,0,27,*,6.43,3,,0.71,171,*,40.71,0,,0,0,,0,0,,0,0,,0,0,,0,0,,0,0,,0,0,,0,0,,0,420,5,425,0,425,170,595,71.43,1,1
7,09,10,03,0250,45,,30.2,70,-,46.98,23,,15.44,4,*,2.68,1,,0.67,2,,1.34,1,!,0.67,0,,0,0,*,0,0,,0,3,*,2.01,0,,0,0,,0,0,,0,0,,0,0,,0,0,,0,0,,0,0,,0,0,,0,149,2,151,0,151,55,206,73.3,1,1
7,09,10,03,0251,5,,3.62,11,-,7.97,3,,2.17,16,*,11.59,3,,2.17,12,,8.7,11,!,7.97,53,,38.41,4,*,2.9,7,,5.07,13,*,9.42,0,,0,0,,0,0,,0,0,,0,0,,0,0,,0,0,,0,0,,0,0,,0,138,9,147,0,147,115,262,56.11,1,1
7,09,10,03,0252,36,,9.92,8,-,2.2,7,,1.93,53,*,14.6,0,,0,19,,5.23,16,!,4.41,24,,6.61,55,*,15.15,127,,34.99,18,*,4.96,0,,0,0,,0,0,,0,0,,0,0,,0,0,,0,0,,0,0,,0,0,,0,363,8,371,0,371,232,603,61.53,1,1
7,09,10,03,0253,9,,6.57,12,-,8.76,0,,0,19,*,13.87,1,,0.73,64,,46.72,6,!,4.38,1,,0.73,13,*,9.49,9,,6.57,3,*,2.19,0,,0,0,,0,0,,0,0,,0,0,,0,0,,0,0,,0,0,,0,0,,0,137,4,141,0,141,73,214,65.89,1,1
7,09,11,03,0000,438,*,52.08,403,,47.92,0,,0,0,,0,0,,0,0,,0,0,,0,0,,0,0,,0,0,,0,0,,0,0,,0,0,,0,0,,0,0,,0,0,,0,0,,0,0,,0,0,,0,0,,0,841,42,883,0,883,672,1555,56.78,15,15
7,09,11,03,0254,38,*,63.33,22,,36.67,0,,0,0,,0,0,,0,0,,0,0,,0,0,,0,0,,0,0,,0,0,,0,0,,0,0,,0,0,,0,0,,0,0,,0,0,,0,0,,0,0,,0,0,,0,60,8,68,0,68,51,119,57.14,1,1
7,09,11,03,0255,10,*,33.33,20,,66.67,0,,0,0,,0,0,,0,0,,0,0,,0,0,,0,0,,0,0,,0,0,,0,0,,0,0,,0,0,,0,0,,0,0,,0,0,,0,0,,0,0,,0,0,,0,30,3,33,0,33,41,74,44.59,1,1
7,09,11,03,0256,30,*,60,20,,40,0,,0,0,,0,0,,0,0,,0,0,,0,0,,0,0,,0,0,,0,0,,0,0,,0,0,,0,0,,0,0,,0,0,,0,0,,0,0,,0,0,,0,0,,0,50,4,54,0,54,51,105,51.43,1,1
7,09,11,03,0257,7,*,41.18,10,,58.82,0,,0,0,,0,0,,0,0,,0,0,,0,0,,0,0,,0,0,,0,0,,0,0,,0,0,,0,0,,0,0,,0,0,,0,0,,0,0,,0,0,,0,0,,0,17,3,20,0,20,17,37,54.05,1,1
7,09,11,03,0258,15,*,83.33,3,,16.67,0,,0,0,,0,0,,0,0,,0,0,,0,0,,0,0,,0,0,,0,0,,0,0,,0,0,,0,0,,0,0,,0,0,,0,0,,0,0,,0,0,,0,0,,0,18,2,20,0,20,13,33,60.61,1,1
7,09,11,03,0259,9,*,40.91,13,,59.09,0,,0,0,,0,0,,0,0,,0,0,,0,0,,0,0,,0,0,,0,0,,0,0,,0,0,,0,0,,0,0,,0,0,,0,0,,0,0,,0,0,,0,0,,0,22,0,22,0,22,15,37,59.46,1,1
7,09,11,03,0260,17,*,50,17,,50,0,,0,0,,0,0,,0,0,,0,0,,0,0,,0,0,,0,0,,0,0,,0,0,,0,0,,0,0,,0,0,,0,0,,0,0,,0,0,,0,0,,0,0,,0,34,1,35,0,35,36,71,49.3,1,1
7,09,11,03,0261,18,*,48.65,19,,51.35,0,,0,0,,0,0,,0,0,,0,0,,0,0,,0,0,,0,0,,0,0,,0,0,,0,0,,0,0,,0,0,,0,0,,0,0,,0,0,,0,0,,0,0,,0,37,2,39,0,39,34,73,53.42,1,1
7,09,11,03,0262,6,*,66.67,3,,33.33,0,,0,0,,0,0,,0,0,,0,0,,0,0,,0,0,,0,0,,0,0,,0,0,,0,0,,0,0,,0,0,,0,0,,0,0,,0,0,,0,0,,0,0,,0,9,0,9,0,9,11,20,45,1,1
7,09,11,03,0263,21,*,45.65,25,,54.35,0,,0,0,,0,0,,0,0,,0,0,,0,0,,0,0,,0,0,,0,0,,0,0,,0,0,,0,0,,0,0,,0,0,,0,0,,0,0,,0,0,,0,0,,0,46,1,47,0,47,42,89,52.81,1,1
7,09,11,03,0264,46,*,52.27,42,,47.73,0,,0,0,,0,0,,0,0,,0,0,,0,0,,0,0,,0,0,,0,0,,0,0,,0,0,,0,0,,0,0,,0,0,,0,0,,0,0,,0,0,,0,0,,0,88,7,95,0,95,80,175,54.29,1,1
7,09,11,03,0265,90,*,67.16,44,,32.84,0,,0,0,,0,0,,0,0,,0,0,,0,0,,0,0,,0,0,,0,0,,0,0,,0,0,,0,0,,0,0,,0,0,,0,0,,0,0,,0,0,,0,0,,0,134,4,138,0,138,78,216,63.89,1,1
7,09,11,03,0266,44,*,30.99,98,,69.01,0,,0,0,,0,0,,0,0,,0,0,,0,0,,0,0,,0,0,,0,0,,0,0,,0,0,,0,0,,0,0,,0,0,,0,0,,0,0,,0,0,,0,0,,0,142,5,147,0,147,99,246,59.76,1,1
7,09,11,03,0275,33,*,73.33,12,,26.67,0,,0,0,,0,0,,0,0,,0,0,,0,0,,0,0,,0,0,,0,0,,0,0,,0,0,,0,0,,0,0,,0,0,,0,0,,0,0,,0,0,,0,0,,0,45,1,46,0,46,18,64,71.88,1,1
7,09,11,03,0276,54,*,49.54,55,,50.46,0,,0,0,,0,0,,0,0,,0,0,,0,0,,0,0,,0,0,,0,0,,0,0,,0,0,,0,0,,0,0,,0,0,,0,0,,0,0,,0,0,,0,0,,0,109,1,110,0,110,86,196,56.12,1,1
7,09,11,04,0000,536,,23.21,660,*,28.58,752,*,32.57,361,,15.63,0,,0,0,,0,0,,0,0,,0,0,,0,0,,0,0,,0,0,,0,0,,0,0,,0,0,,0,0,,0,0,,0,0,,0,0,,0,0,,0,2309,94,2403,1,2404,1500,3904,61.55,8,8
7,09,11,04,0267,299,,75.7,49,*,12.41,29,*,7.34,18,,4.56,0,,0,0,,0,0,,0,0,,0,0,,0,0,,0,0,,0,0,,0,0,,0,0,,0,0,,0,0,,0,0,,0,0,,0,0,,0,0,,0,395,19,414,0,414,259,673,61.52,1,1
7,09,11,04,0268,64,,51.2,13,*,10.4,43,*,34.4,5,,4,0,,0,0,,0,0,,0,0,,0,0,,0,0,,0,0,,0,0,,0,0,,0,0,,0,0,,0,0,,0,0,,0,0,,0,0,,0,0,,0,125,3,128,0,128,65,193,66.32,1,1
7,09,11,04,0269,56,,27.45,64,*,31.37,77,*,37.75,7,,3.43,0,,0,0,,0,0,,0,0,,0,0,,0,0,,0,0,,0,0,,0,0,,0,0,,0,0,,0,0,,0,0,,0,0,,0,0,,0,0,,0,204,4,208,0,208,135,343,60.64,1,1
7,09,11,04,0270,21,,11.54,44,*,24.18,112,*,61.54,5,,2.75,0,,0,0,,0,0,,0,0,,0,0,,0,0,,0,0,,0,0,,0,0,,0,0,,0,0,,0,0,,0,0,,0,0,,0,0,,0,0,,0,182,7,189,0,189,173,362,52.21,1,1
7,09,11,04,0271,21,,13.38,58,*,36.94,63,*,40.13,15,,9.55,0,,0,0,,0,0,,0,0,,0,0,,0,0,,0,0,,0,0,,0,0,,0,0,,0,0,,0,0,,0,0,,0,0,,0,0,,0,0,,0,157,10,167,0,167,181,348,47.99,1,1
7,09,11,04,0272,50,,13.33,122,*,32.53,159,*,42.4,44,,11.73,0,,0,0,,0,0,,0,0,,0,0,,0,0,,0,0,,0,0,,0,0,,0,0,,0,0,,0,0,,0,0,,0,0,,0,0,,0,0,,0,375,22,397,1,398,389,787,50.44,1,1
7,09,11,04,0273,11,,3.32,66,*,19.94,234,*,70.69,20,,6.04,0,,0,0,,0,0,,0,0,,0,0,,0,0,,0,0,,0,0,,0,0,,0,0,,0,0,,0,0,,0,0,,0,0,,0,0,,0,0,,0,331,15,346,0,346,151,497,69.62,1,1
7,09,11,04,0274,14,,2.59,244,*,45.19,35,*,6.48,247,,45.74,0,,0,0,,0,0,,0,0,,0,0,,0,0,,0,0,,0,0,,0,0,,0,0,,0,0,,0,0,,0,0,,0,0,,0,0,,0,0,,0,540,14,554,0,554,147,701,79.03,1,1
7,09,12,03,0000,250,*,35.66,181,*,25.82,105,,14.98,165,,23.54,0,,0,0,,0,0,,0,0,,0,0,,0,0,,0,0,,0,0,,0,0,,0,0,,0,0,,0,0,,0,0,,0,0,,0,0,,0,0,,0,701,21,722,0,722,464,1186,60.88,13,13
7,09,12,03,0277,13,*,36.11,0,*,0,3,,8.33,20,,55.56,0,,0,0,,0,0,,0,0,,0,0,,0,0,,0,0,,0,0,,0,0,,0,0,,0,0,,0,0,,0,0,,0,0,,0,0,,0,0,,0,36,2,38,0,38,47,85,44.71,1,1
7,09,12,03,0278,32,*,51.61,3,*,4.84,7,,11.29,20,,32.26,0,,0,0,,0,0,,0,0,,0,0,,0,0,,0,0,,0,0,,0,0,,0,0,,0,0,,0,0,,0,0,,0,0,,0,0,,0,0,,0,62,1,63,0,63,66,129,48.84,1,1
7,09,12,03,0279,6,*,6.45,0,*,0,3,,3.23,84,,90.32,0,,0,0,,0,0,,0,0,,0,0,,0,0,,0,0,,0,0,,0,0,,0,0,,0,0,,0,0,,0,0,,0,0,,0,0,,0,0,,0,93,0,93,0,93,57,150,62,1,1
7,09,12,03,0280,67,*,63.81,1,*,0.95,35,,33.33,2,,1.9,0,,0,0,,0,0,,0,0,,0,0,,0,0,,0,0,,0,0,,0,0,,0,0,,0,0,,0,0,,0,0,,0,0,,0,0,,0,0,,0,105,4,109,0,109,24,133,81.95,1,1
7,09,12,03,0281,38,*,71.7,2,*,3.77,11,,20.75,2,,3.77,0,,0,0,,0,0,,0,0,,0,0,,0,0,,0,0,,0,0,,0,0,,0,0,,0,0,,0,0,,0,0,,0,0,,0,0,,0,0,,0,53,0,53,0,53,26,79,67.09,1,1
7,09,12,03,0282,6,*,85.71,1,*,14.29,0,,0,0,,0,0,,0,0,,0,0,,0,0,,0,0,,0,0,,0,0,,0,0,,0,0,,0,0,,0,0,,0,0,,0,0,,0,0,,0,0,,0,0,,0,7,1,8,0,8,1,9,88.89,1,1
7,09,12,03,0283,4,*,26.67,5,*,33.33,4,,26.67,2,,13.33,0,,0,0,,0,0,,0,0,,0,0,,0,0,,0,0,,0,0,,0,0,,0,0,,0,0,,0,0,,0,0,,0,0,,0,0,,0,0,,0,15,1,16,0,16,13,29,55.17,1,1
7,09,12,03,0284,3,*,25,1,*,8.33,6,,50,2,,16.67,0,,0,0,,0,0,,0,0,,0,0,,0,0,,0,0,,0,0,,0,0,,0,0,,0,0,,0,0,,0,0,,0,0,,0,0,,0,0,,0,12,0,12,0,12,5,17,70.59,1,1
7,09,12,03,0285,4,*,28.57,6,*,42.86,0,,0,4,,28.57,0,,0,0,,0,0,,0,0,,0,0,,0,0,,0,0,,0,0,,0,0,,0,0,,0,0,,0,0,,0,0,,0,0,,0,0,,0,0,,0,14,1,15,0,15,21,36,41.67,1,1
7,09,12,03,0286,0,*,0,6,*,100,0,,0,0,,0,0,,0,0,,0,0,,0,0,,0,0,,0,0,,0,0,,0,0,,0,0,,0,0,,0,0,,0,0,,0,0,,0,0,,0,0,,0,0,,0,6,0,6,0,6,3,9,66.67,1,1
7,09,12,03,0287,37,*,16.89,151,*,68.95,18,,8.22,13,,5.94,0,,0,0,,0,0,,0,0,,0,0,,0,0,,0,0,,0,0,,0,0,,0,0,,0,0,,0,0,,0,0,,0,0,,0,0,,0,0,,0,219,6,225,0,225,125,350,64.29,1,1
7,09,12,03,0288,8,*,26.67,3,*,10,9,,30,10,,33.33,0,,0,0,,0,0,,0,0,,0,0,,0,0,,0,0,,0,0,,0,0,,0,0,,0,0,,0,0,,0,0,,0,0,,0,0,,0,0,,0,30,2,32,0,32,30,62,51.61,1,1
7,09,12,03,0289,32,*,65.31,2,*,4.08,9,,18.37,6,,12.24,0,,0,0,,0,0,,0,0,,0,0,,0,0,,0,0,,0,0,,0,0,,0,0,,0,0,,0,0,,0,0,,0,0,,0,0,,0,0,,0,49,3,52,0,52,46,98,53.06,1,1
7,10,01,05,0000,1928,*,23.57,2160,*,26.41,1700,,20.78,2391,*,29.23,0,,0,0,,0,0,,0,0,,0,0,,0,0,,0,0,,0,0,,0,0,,0,0,,0,0,,0,0,,0,0,,0,0,,0,0,,0,0,,0,8179,371,8550,0,8550,5057,13607,62.84,69,69
7,10,01,05,0001,2,*,14.29,4,*,28.57,3,,21.43,5,*,35.71,0,,0,0,,0,0,,0,0,,0,0,,0,0,,0,0,,0,0,,0,0,,0,0,,0,0,,0,0,,0,0,,0,0,,0,0,,0,0,,0,14,0,14,0,14,24,38,36.84,1,1
7,10,01,05,0002,4,*,20,4,*,20,2,,10,10,*,50,0,,0,0,,0,0,,0,0,,0,0,,0,0,,0,0,,0,0,,0,0,,0,0,,0,0,,0,0,,0,0,,0,0,,0,0,,0,0,,0,20,0,20,0,20,18,38,52.63,1,1
7,10,01,05,0003,7,*,12.96,25,*,46.3,8,,14.81,14,*,25.93,0,,0,0,,0,0,,0,0,,0,0,,0,0,,0,0,,0,0,,0,0,,0,0,,0,0,,0,0,,0,0,,0,0,,0,0,,0,0,,0,54,4,58,0,58,41,99,58.59,1,1
7,10,01,05,0004,3,*,20,7,*,46.67,2,,13.33,3,*,20,0,,0,0,,0,0,,0,0,,0,0,,0,0,,0,0,,0,0,,0,0,,0,0,,0,0,,0,0,,0,0,,0,0,,0,0,,0,0,,0,15,2,17,0,17,30,47,36.17,1,1
7,10,01,05,0005,6,*,11.54,20,*,38.46,15,,28.85,11,*,21.15,0,,0,0,,0,0,,0,0,,0,0,,0,0,,0,0,,0,0,,0,0,,0,0,,0,0,,0,0,,0,0,,0,0,,0,0,,0,0,,0,52,0,52,0,52,34,86,60.47,1,1
7,10,01,05,0006,12,*,34.29,12,*,34.29,4,,11.43,7,*,20,0,,0,0,,0,0,,0,0,,0,0,,0,0,,0,0,,0,0,,0,0,,0,0,,0,0,,0,0,,0,0,,0,0,,0,0,,0,0,,0,35,5,40,0,40,38,78,51.28,1,1
7,10,01,05,0007,4,*,20,7,*,35,5,,25,4,*,20,0,,0,0,,0,0,,0,0,,0,0,,0,0,,0,0,,0,0,,0,0,,0,0,,0,0,,0,0,,0,0,,0,0,,0,0,,0,0,,0,20,0,20,0,20,20,40,50,1,1
7,10,01,05,0008,73,*,52.9,24,*,17.39,9,,6.52,32,*,23.19,0,,0,0,,0,0,,0,0,,0,0,,0,0,,0,0,,0,0,,0,0,,0,0,,0,0,,0,0,,0,0,,0,0,,0,0,,0,0,,0,138,6,144,0,144,70,214,67.29,1,1
7,10,01,05,0009,4,*,18.18,10,*,45.45,3,,13.64,5,*,22.73,0,,0,0,,0,0,,0,0,,0,0,,0,0,,0,0,,0,0,,0,0,,0,0,,0,0,,0,0,,0,0,,0,0,,0,0,,0,0,,0,22,3,25,0,25,22,47,53.19,1,1
7,10,01,05,0010,73,*,44.79,41,*,25.15,31,,19.02,18,*,11.04,0,,0,0,,0,0,,0,0,,0,0,,0,0,,0,0,,0,0,,0,0,,0,0,,0,0,,0,0,,0,0,,0,0,,0,0,,0,0,,0,163,8,171,0,171,95,266,64.29,1,1
7,10,01,05,0011,13,*,20.97,19,*,30.65,19,,30.65,11,*,17.74,0,,0,0,,0,0,,0,0,,0,0,,0,0,,0,0,,0,0,,0,0,,0,0,,0,0,,0,0,,0,0,,0,0,,0,0,,0,0,,0,62,3,65,0,65,54,119,54.62,1,1
7,10,01,05,0012,3,*,20,4,*,26.67,4,,26.67,4,*,26.67,0,,0,0,,0,0,,0,0,,0,0,,0,0,,0,0,,0,0,,0,0,,0,0,,0,0,,0,0,,0,0,,0,0,,0,0,,0,0,,0,15,2,17,0,17,4,21,80.95,1,1
7,10,01,05,0013,4,*,50,2,*,25,1,,12.5,1,*,12.5,0,,0,0,,0,0,,0,0,,0,0,,0,0,,0,0,,0,0,,0,0,,0,0,,0,0,,0,0,,0,0,,0,0,,0,0,,0,0,,0,8,1,9,0,9,7,16,56.25,1,1
7,10,01,05,0014,6,*,46.15,2,*,15.38,2,,15.38,3,*,23.08,0,,0,0,,0,0,,0,0,,0,0,,0,0,,0,0,,0,0,,0,0,,0,0,,0,0,,0,0,,0,0,,0,0,,0,0,,0,0,,0,13,0,13,0,13,15,28,46.43,1,1
7,10,01,05,0015,5,*,27.78,5,*,27.78,1,,5.56,7,*,38.89,0,,0,0,,0,0,,0,0,,0,0,,0,0,,0,0,,0,0,,0,0,,0,0,,0,0,,0,0,,0,0,,0,0,,0,0,,0,0,,0,18,2,20,0,20,11,31,64.52,1,1
7,10,01,05,0016,13,*,31.71,18,*,43.9,7,,17.07,3,*,7.32,0,,0,0,,0,0,,0,0,,0,0,,0,0,,0,0,,0,0,,0,0,,0,0,,0,0,,0,0,,0,0,,0,0,,0,0,,0,0,,0,41,3,44,0,44,18,62,70.97,1,1
7,10,01,05,0017,3,*,30,2,*,20,0,,0,5,*,50,0,,0,0,,0,0,,0,0,,0,0,,0,0,,0,0,,0,0,,0,0,,0,0,,0,0,,0,0,,0,0,,0,0,,0,0,,0,0,,0,10,0,10,0,10,5,15,66.67,1,1
7,10,01,05,0018,0,*,0,2,*,40,0,,0,3,*,60,0,,0,0,,0,0,,0,0,,0,0,,0,0,,0,0,,0,0,,0,0,,0,0,,0,0,,0,0,,0,0,,0,0,,0,0,,0,0,,0,5,0,5,0,5,8,13,38.46,1,1
7,10,01,05,0019,7,*,53.85,3,*,23.08,1,,7.69,2,*,15.38,0,,0,0,,0,0,,0,0,,0,0,,0,0,,0,0,,0,0,,0,0,,0,0,,0,0,,0,0,,0,0,,0,0,,0,0,,0,0,,0,13,3,16,0,16,9,25,64,1,1
7,10,01,05,0020,0,*,0,1,*,100,0,,0,0,*,0,0,,0,0,,0,0,,0,0,,0,0,,0,0,,0,0,,0,0,,0,0,,0,0,,0,0,,0,0,,0,0,,0,0,,0,0,,0,0,,0,1,0,1,0,1,3,4,25,1,1
7,10,01,05,0021,15,*,22.06,13,*,19.12,27,,39.71,13,*,19.12,0,,0,0,,0,0,,0,0,,0,0,,0,0,,0,0,,0,0,,0,0,,0,0,,0,0,,0,0,,0,0,,0,0,,0,0,,0,0,,0,68,4,72,0,72,42,114,63.16,1,1
7,10,01,05,0022,5,*,10.42,17,*,35.42,12,,25,14,*,29.17,0,,0,0,,0,0,,0,0,,0,0,,0,0,,0,0,,0,0,,0,0,,0,0,,0,0,,0,0,,0,0,,0,0,,0,0,,0,0,,0,48,7,55,0,55,24,79,69.62,1,1
7,10,01,05,0023,4,*,33.33,4,*,33.33,1,,8.33,3,*,25,0,,0,0,,0,0,,0,0,,0,0,,0,0,,0,0,,0,0,,0,0,,0,0,,0,0,,0,0,,0,0,,0,0,,0,0,,0,0,,0,12,1,13,0,13,22,35,37.14,1,1
7,10,01,05,0024,6,*,33.33,4,*,22.22,6,,33.33,2,*,11.11,0,,0,0,,0,0,,0,0,,0,0,,0,0,,0,0,,0,0,,0,0,,0,0,,0,0,,0,0,,0,0,,0,0,,0,0,,0,0,,0,18,0,18,0,18,7,25,72,1,1
7,10,01,05,0025,7,*,20,6,*,17.14,9,,25.71,13,*,37.14,0,,0,0,,0,0,,0,0,,0,0,,0,0,,0,0,,0,0,,0,0,,0,0,,0,0,,0,0,,0,0,,0,0,,0,0,,0,0,,0,35,2,37,0,37,33,70,52.86,1,1
7,10,01,05,0026,13,*,7.14,102,*,56.04,50,,27.47,17,*,9.34,0,,0,0,,0,0,,0,0,,0,0,,0,0,,0,0,,0,0,,0,0,,0,0,,0,0,,0,0,,0,0,,0,0,,0,0,,0,0,,0,182,8,190,0,190,125,315,60.32,1,1
7,10,01,05,0027,8,*,9.09,44,*,50,20,,22.73,16,*,18.18,0,,0,0,,0,0,,0,0,,0,0,,0,0,,0,0,,0,0,,0,0,,0,0,,0,0,,0,0,,0,0,,0,0,,0,0,,0,0,,0,88,4,92,0,92,63,155,59.35,1,1
7,10,01,05,0028,11,*,14.1,29,*,37.18,27,,34.62,11,*,14.1,0,,0,0,,0,0,,0,0,,0,0,,0,0,,0,0,,0,0,,0,0,,0,0,,0,0,,0,0,,0,0,,0,0,,0,0,,0,0,,0,78,4,82,0,82,93,175,46.86,1,1
7,10,01,05,0029,13,*,15.85,26,*,31.71,27,,32.93,16,*,19.51,0,,0,0,,0,0,,0,0,,0,0,,0,0,,0,0,,0,0,,0,0,,0,0,,0,0,,0,0,,0,0,,0,0,,0,0,,0,0,,0,82,11,93,0,93,69,162,57.41,1,1
7,10,01,05,0030,11,*,8.03,56,*,40.88,45,,32.85,25,*,18.25,0,,0,0,,0,0,,0,0,,0,0,,0,0,,0,0,,0,0,,0,0,,0,0,,0,0,,0,0,,0,0,,0,0,,0,0,,0,0,,0,137,6,143,0,143,112,255,56.08,1,1
7,10,01,05,0031,20,*,19.05,50,*,47.62,18,,17.14,17,*,16.19,0,,0,0,,0,0,,0,0,,0,0,,0,0,,0,0,,0,0,,0,0,,0,0,,0,0,,0,0,,0,0,,0,0,,0,0,,0,0,,0,105,3,108,0,108,58,166,65.06,1,1
7,10,01,05,0032,5,*,7.46,30,*,44.78,18,,26.87,14,*,20.9,0,,0,0,,0,0,,0,0,,0,0,,0,0,,0,0,,0,0,,0,0,,0,0,,0,0,,0,0,,0,0,,0,0,,0,0,,0,0,,0,67,6,73,0,73,54,127,57.48,1,1
7,10,01,05,0033,11,*,18.97,11,*,18.97,20,,34.48,16,*,27.59,0,,0,0,,0,0,,0,0,,0,0,,0,0,,0,0,,0,0,,0,0,,0,0,,0,0,,0,0,,0,0,,0,0,,0,0,,0,0,,0,58,4,62,0,62,34,96,64.58,1,1
7,10,01,05,0034,10,*,14.49,18,*,26.09,12,,17.39,29,*,42.03,0,,0,0,,0,0,,0,0,,0,0,,0,0,,0,0,,0,0,,0,0,,0,0,,0,0,,0,0,,0,0,,0,0,,0,0,,0,0,,0,69,5,74,0,74,46,120,61.67,1,1
7,10,01,05,0035,20,*,23.26,28,*,32.56,12,,13.95,26,*,30.23,0,,0,0,,0,0,,0,0,,0,0,,0,0,,0,0,,0,0,,0,0,,0,0,,0,0,,0,0,,0,0,,0,0,,0,0,,0,0,,0,86,6,92,0,92,76,168,54.76,1,1
7,10,01,05,0036,34,*,9.71,244,*,69.71,33,,9.43,39,*,11.14,0,,0,0,,0,0,,0,0,,0,0,,0,0,,0,0,,0,0,,0,0,,0,0,,0,0,,0,0,,0,0,,0,0,,0,0,,0,0,,0,350,15,365,0,365,179,544,67.1,1,1
7,10,01,05,0037,33,*,24.09,47,*,34.31,14,,10.22,43,*,31.39,0,,0,0,,0,0,,0,0,,0,0,,0,0,,0,0,,0,0,,0,0,,0,0,,0,0,,0,0,,0,0,,0,0,,0,0,,0,0,,0,137,7,144,0,144,106,250,57.6,1,1
7,10,01,05,0038,14,*,5.86,123,*,51.46,60,,25.1,42,*,17.57,0,,0,0,,0,0,,0,0,,0,0,,0,0,,0,0,,0,0,,0,0,,0,0,,0,0,,0,0,,0,0,,0,0,,0,0,,0,0,,0,239,11,250,0,250,116,366,68.31,1,1
7,10,01,05,0039,16,*,7.44,113,*,52.56,62,,28.84,24,*,11.16,0,,0,0,,0,0,,0,0,,0,0,,0,0,,0,0,,0,0,,0,0,,0,0,,0,0,,0,0,,0,0,,0,0,,0,0,,0,0,,0,215,7,222,0,222,143,365,60.82,1,1
7,10,01,05,0040,13,*,28.26,13,*,28.26,7,,15.22,13,*,28.26,0,,0,0,,0,0,,0,0,,0,0,,0,0,,0,0,,0,0,,0,0,,0,0,,0,0,,0,0,,0,0,,0,0,,0,0,,0,0,,0,46,4,50,0,50,50,100,50,1,1
7,10,01,05,0041,12,*,10.26,28,*,23.93,49,,41.88,28,*,23.93,0,,0,0,,0,0,,0,0,,0,0,,0,0,,0,0,,0,0,,0,0,,0,0,,0,0,,0,0,,0,0,,0,0,,0,0,,0,0,,0,117,4,121,0,121,89,210,57.62,1,1
7,10,01,05,0042,9,*,21.43,15,*,35.71,7,,16.67,11,*,26.19,0,,0,0,,0,0,,0,0,,0,0,,0,0,,0,0,,0,0,,0,0,,0,0,,0,0,,0,0,,0,0,,0,0,,0,0,,0,0,,0,42,4,46,0,46,50,96,47.92,1,1
7,10,01,05,0043,9,*,9.09,28,*,28.28,38,,38.38,24,*,24.24,0,,0,0,,0,0,,0,0,,0,0,,0,0,,0,0,,0,0,,0,0,,0,0,,0,0,,0,0,,0,0,,0,0,,0,0,,0,0,,0,99,6,105,0,105,96,201,52.24,1,1
7,10,01,05,0044,12,*,13.33,18,*,20,53,,58.89,7,*,7.78,0,,0,0,,0,0,,0,0,,0,0,,0,0,,0,0,,0,0,,0,0,,0,0,,0,0,,0,0,,0,0,,0,0,,0,0,,0,0,,0,90,8,98,0,98,70,168,58.33,1,1
7,10,01,05,0045,16,*,18.18,16,*,18.18,24,,27.27,32,*,36.36,0,,0,0,,0,0,,0,0,,0,0,,0,0,,0,0,,0,0,,0,0,,0,0,,0,0,,0,0,,0,0,,0,0,,0,0,,0,0,,0,88,4,92,0,92,73,165,55.76,1,1
7,10,01,05,0046,20,*,8.03,81,*,32.53,93,,37.35,55,*,22.09,0,,0,0,,0,0,,0,0,,0,0,,0,0,,0,0,,0,0,,0,0,,0,0,,0,0,,0,0,,0,0,,0,0,,0,0,,0,0,,0,249,16,265,0,265,208,473,56.03,1,1
7,10,01,05,0047,8,*,2.4,73,*,21.86,225,,67.37,28,*,8.38,0,,0,0,,0,0,,0,0,,0,0,,0,0,,0,0,,0,0,,0,0,,0,0,,0,0,,0,0,,0,0,,0,0,,0,0,,0,0,,0,334,10,344,0,344,237,581,59.21,1,1
7,10,01,05,0048,12,*,8.51,40,*,28.37,62,,43.97,27,*,19.15,0,,0,0,,0,0,,0,0,,0,0,,0,0,,0,0,,0,0,,0,0,,0,0,,0,0,,0,0,,0,0,,0,0,,0,0,,0,0,,0,141,10,151,0,151,109,260,58.08,1,1
7,10,01,05,0049,8,*,6.02,32,*,24.06,66,,49.62,27,*,20.3,0,,0,0,,0,0,,0,0,,0,0,,0,0,,0,0,,0,0,,0,0,,0,0,,0,0,,0,0,,0,0,,0,0,,0,0,,0,0,,0,133,5,138,0,138,67,205,67.32,1,1
7,10,01,05,0050,5,*,2.82,50,*,28.25,97,,54.8,25,*,14.12,0,,0,0,,0,0,,0,0,,0,0,,0,0,,0,0,,0,0,,0,0,,0,0,,0,0,,0,0,,0,0,,0,0,,0,0,,0,0,,0,177,3,180,0,180,86,266,67.67,1,1
7,10,01,05,0051,18,*,26.09,18,*,26.09,21,,30.43,12,*,17.39,0,,0,0,,0,0,,0,0,,0,0,,0,0,,0,0,,0,0,,0,0,,0,0,,0,0,,0,0,,0,0,,0,0,,0,0,,0,0,,0,69,4,73,0,73,30,103,70.87,1,1
7,10,01,05,0052,69,*,28.99,74,*,31.09,37,,15.55,58,*,24.37,0,,0,0,,0,0,,0,0,,0,0,,0,0,,0,0,,0,0,,0,0,,0,0,,0,0,,0,0,,0,0,,0,0,,0,0,,0,0,,0,238,16,254,0,254,145,399,63.66,1,1
7,10,01,05,0053,39,*,16.67,70,*,29.91,61,,26.07,64,*,27.35,0,,0,0,,0,0,,0,0,,0,0,,0,0,,0,0,,0,0,,0,0,,0,0,,0,0,,0,0,,0,0,,0,0,,0,0,,0,0,,0,234,12,246,0,246,138,384,64.06,1,1
7,10,01,05,0054,20,*,22.47,30,*,33.71,29,,32.58,10,*,11.24,0,,0,0,,0,0,,0,0,,0,0,,0,0,,0,0,,0,0,,0,0,,0,0,,0,0,,0,0,,0,0,,0,0,,0,0,,0,0,,0,89,8,97,0,97,45,142,68.31,1,1
7,10,01,05,0055,134,*,26.91,145,*,29.12,116,,23.29,103,*,20.68,0,,0,0,,0,0,,0,0,,0,0,,0,0,,0,0,,0,0,,0,0,,0,0,,0,0,,0,0,,0,0,,0,0,,0,0,,0,0,,0,498,24,522,0,522,255,777,67.18,1,1
7,10,01,05,0056,38,*,29.69,46,*,35.94,19,,14.84,25,*,19.53,0,,0,0,,0,0,,0,0,,0,0,,0,0,,0,0,,0,0,,0,0,,0,0,,0,0,,0,0,,0,0,,0,0,,0,0,,0,0,,0,128,8,136,0,136,91,227,59.91,1,1
7,10,01,05,0057,21,*,46.67,16,*,35.56,1,,2.22,7,*,15.56,0,,0,0,,0,0,,0,0,,0,0,,0,0,,0,0,,0,0,,0,0,,0,0,,0,0,,0,0,,0,0,,0,0,,0,0,,0,0,,0,45,2,47,0,47,48,95,49.47,1,1
7,10,01,05,0058,9,*,33.33,3,*,11.11,6,,22.22,9,*,33.33,0,,0,0,,0,0,,0,0,,0,0,,0,0,,0,0,,0,0,,0,0,,0,0,,0,0,,0,0,,0,0,,0,0,,0,0,,0,0,,0,27,0,27,0,27,17,44,61.36,1,1
7,10,01,05,0059,258,*,82.69,12,*,3.85,3,,0.96,39,*,12.5,0,,0,0,,0,0,,0,0,,0,0,,0,0,,0,0,,0,0,,0,0,,0,0,,0,0,,0,0,,0,0,,0,0,,0,0,,0,0,,0,312,7,319,0,319,161,480,66.46,1,1
7,10,01,05,0060,248,*,86.11,9,*,3.13,6,,2.08,25,*,8.68,0,,0,0,,0,0,,0,0,,0,0,,0,0,,0,0,,0,0,,0,0,,0,0,,0,0,,0,0,,0,0,,0,0,,0,0,,0,0,,0,288,3,291,0,291,146,437,66.59,1,1
7,10,01,05,0061,11,*,23.91,12,*,26.09,12,,26.09,11,*,23.91,0,,0,0,,0,0,,0,0,,0,0,,0,0,,0,0,,0,0,,0,0,,0,0,,0,0,,0,0,,0,0,,0,0,,0,0,,0,0,,0,46,4,50,0,50,44,94,53.19,1,1
7,10,01,05,0062,14,*,24.56,15,*,26.32,8,,14.04,20,*,35.09,0,,0,0,,0,0,,0,0,,0,0,,0,0,,0,0,,0,0,,0,0,,0,0,,0,0,,0,0,,0,0,,0,0,,0,0,,0,0,,0,57,5,62,0,62,31,93,66.67,1,1
7,10,01,05,0063,174,*,46.65,37,*,9.92,3,,0.8,159,*,42.63,0,,0,0,,0,0,,0,0,,0,0,,0,0,,0,0,,0,0,,0,0,,0,0,,0,0,,0,0,,0,0,,0,0,,0,0,,0,0,,0,373,16,389,0,389,202,591,65.82,1,1
7,10,01,05,0064,162,*,39.04,12,*,2.89,9,,2.17,232,*,55.9,0,,0,0,,0,0,,0,0,,0,0,,0,0,,0,0,,0,0,,0,0,,0,0,,0,0,,0,0,,0,0,,0,0,,0,0,,0,0,,0,415,10,425,0,425,171,596,71.31,1,1
7,10,01,05,0065,5,*,12.82,3,*,7.69,1,,2.56,30,*,76.92,0,,0,0,,0,0,,0,0,,0,0,,0,0,,0,0,,0,0,,0,0,,0,0,,0,0,,0,0,,0,0,,0,0,,0,0,,0,0,,0,39,0,39,0,39,20,59,66.1,1,1
7,10,01,05,0066,13,*,3.44,1,*,0.26,7,,1.85,357,*,94.44,0,,0,0,,0,0,,0,0,,0,0,,0,0,,0,0,,0,0,,0,0,,0,0,,0,0,,0,0,,0,0,,0,0,,0,0,,0,0,,0,378,10,388,0,388,120,508,76.38,1,1
7,10,01,05,0067,11,*,3.9,9,*,3.19,8,,2.84,254,*,90.07,0,,0,0,,0,0,,0,0,,0,0,,0,0,,0,0,,0,0,,0,0,,0,0,,0,0,,0,0,,0,0,,0,0,,0,0,,0,0,,0,282,5,287,0,287,95,382,75.13,1,1
7,10,01,05,0068,33,*,20.12,25,*,15.24,21,,12.8,85,*,51.83,0,,0,0,,0,0,,0,0,,0,0,,0,0,,0,0,,0,0,,0,0,,0,0,,0,0,,0,0,,0,0,,0,0,,0,0,,0,0,,0,164,7,171,0,171,81,252,67.86,1,1
7,10,01,05,0069,29,*,15.43,52,*,27.66,21,,11.17,86,*,45.74,0,,0,0,,0,0,,0,0,,0,0,,0,0,,0,0,,0,0,,0,0,,0,0,,0,0,,0,0,,0,0,,0,0,,0,0,,0,0,,0,188,3,191,0,191,154,345,55.36,1,1
7,10,02,02,0000,348,,9.2,326,,8.62,440,*,11.64,511,*,13.51,627,*,16.58,423,*,11.19,408,*,10.79,373,*,9.87,325,,8.6,0,,0,0,,0,0,,0,0,,0,0,,0,0,,0,0,,0,0,,0,0,,0,0,,0,0,,0,3781,94,3875,1,3876,2597,6473,59.86,17,17
7,10,02,02,0070,10,,4.59,32,,14.68,7,*,3.21,5,*,2.29,24,*,11.01,49,*,22.48,74,*,33.94,10,*,4.59,7,,3.21,0,,0,0,,0,0,,0,0,,0,0,,0,0,,0,0,,0,0,,0,0,,0,0,,0,0,,0,218,5,223,0,223,161,384,58.07,1,1
7,10,02,02,0071,23,,4.63,205,,41.25,20,*,4.02,4,*,0.8,43,*,8.65,62,*,12.47,92,*,18.51,34,*,6.84,14,,2.82,0,,0,0,,0,0,,0,0,,0,0,,0,0,,0,0,,0,0,,0,0,,0,0,,0,0,,0,497,7,504,1,505,268,773,65.2,1,1
7,10,02,02,0072,4,,2.3,3,,1.72,11,*,6.32,1,*,0.57,22,*,12.64,27,*,15.52,91,*,52.3,10,*,5.75,5,,2.87,0,,0,0,,0,0,,0,0,,0,0,,0,0,,0,0,,0,0,,0,0,,0,0,,0,0,,0,174,2,176,0,176,124,300,58.67,1,1
7,10,02,02,0073,19,,4.62,23,,5.6,95,*,23.11,27,*,6.57,50,*,12.17,75,*,18.25,54,*,13.14,31,*,7.54,37,,9,0,,0,0,,0,0,,0,0,,0,0,,0,0,,0,0,,0,0,,0,0,,0,0,,0,0,,0,411,11,422,0,422,224,646,65.33,1,1
7,10,02,02,0074,11,,10.09,5,,4.59,37,*,33.94,13,*,11.93,16,*,14.68,11,*,10.09,1,*,0.92,8,*,7.34,7,,6.42,0,,0,0,,0,0,,0,0,,0,0,,0,0,,0,0,,0,0,,0,0,,0,0,,0,0,,0,109,1,110,0,110,128,238,46.22,1,1
7,10,02,02,0075,5,,5.21,6,,6.25,17,*,17.71,11,*,11.46,16,*,16.67,9,*,9.38,12,*,12.5,9,*,9.38,11,,11.46,0,,0,0,,0,0,,0,0,,0,0,,0,0,,0,0,,0,0,,0,0,,0,0,,0,0,,0,96,5,101,0,101,69,170,59.41,1,1
7,10,02,02,0076,3,,6.25,5,,10.42,3,*,6.25,3,*,6.25,9,*,18.75,5,*,10.42,7,*,14.58,9,*,18.75,4,,8.33,0,,0,0,,0,0,,0,0,,0,0,,0,0,,0,0,,0,0,,0,0,,0,0,,0,0,,0,48,2,50,0,50,21,71,70.42,1,1
7,10,02,02,0077,2,,6.06,2,,6.06,1,*,3.03,8,*,24.24,9,*,27.27,4,*,12.12,1,*,3.03,5,*,15.15,1,,3.03,0,,0,0,,0,0,,0,0,,0,0,,0,0,,0,0,,0,0,,0,0,,0,0,,0,0,,0,33,2,35,0,35,35,70,50,1,1
7,10,02,02,0078,5,,6.67,10,,13.33,16,*,21.33,9,*,12,5,*,6.67,6,*,8,13,*,17.33,4,*,5.33,7,,9.33,0,,0,0,,0,0,,0,0,,0,0,,0,0,,0,0,,0,0,,0,0,,0,0,,0,0,,0,75,4,79,0,79,65,144,54.86,1,1
7,10,02,02,0079,22,,4.6,8,,1.67,46,*,9.62,228,*,47.7,39,*,8.16,54,*,11.3,11,*,2.3,37,*,7.74,33,,6.9,0,,0,0,,0,0,,0,0,,0,0,,0,0,,0,0,,0,0,,0,0,,0,0,,0,0,,0,478,13,491,0,491,370,861,57.03,1,1
7,10,02,02,0080,17,,4.44,9,,2.35,95,*,24.8,130,*,33.94,33,*,8.62,37,*,9.66,26,*,6.79,19,*,4.96,17,,4.44,0,,0,0,,0,0,,0,0,,0,0,,0,0,,0,0,,0,0,,0,0,,0,0,,0,0,,0,383,10,393,0,393,294,687,57.21,1,1
7,10,02,02,0081,39,,18.48,4,,1.9,43,*,20.38,35,*,16.59,35,*,16.59,29,*,13.74,3,*,1.42,11,*,5.21,12,,5.69,0,,0,0,,0,0,,0,0,,0,0,,0,0,,0,0,,0,0,,0,0,,0,0,,0,0,,0,211,0,211,0,211,131,342,61.7,1,1
7,10,02,02,0082,167,,47.44,9,,2.56,24,*,6.82,23,*,6.53,54,*,15.34,10,*,2.84,8,*,2.27,18,*,5.11,39,,11.08,0,,0,0,,0,0,,0,0,,0,0,,0,0,,0,0,,0,0,,0,0,,0,0,,0,0,,0,352,6,358,0,358,251,609,58.78,1,1
7,10,02,02,0083,4,,2.08,1,,0.52,7,*,3.65,1,*,0.52,56,*,29.17,11,*,5.73,2,*,1.04,15,*,7.81,95,,49.48,0,,0,0,,0,0,,0,0,,0,0,,0,0,,0,0,,0,0,,0,0,,0,0,,0,0,,0,192,6,198,0,198,129,327,60.55,1,1
7,10,02,02,0084,7,,5.26,2,,1.5,15,*,11.28,3,*,2.26,28,*,21.05,13,*,9.77,11,*,8.27,33,*,24.81,21,,15.79,0,,0,0,,0,0,,0,0,,0,0,,0,0,,0,0,,0,0,,0,0,,0,0,,0,0,,0,133,9,142,0,142,133,275,51.64,1,1
7,10,02,02,0085,2,,0.9,0,,0,0,*,0,6,*,2.7,110,*,49.55,2,*,0.9,1,*,0.45,97,*,43.69,4,,1.8,0,,0,0,,0,0,,0,0,,0,0,,0,0,,0,0,,0,0,,0,0,,0,0,,0,0,,0,222,6,228,0,228,101,329,69.3,1,1
7,10,02,02,0086,8,,5.37,2,,1.34,3,*,2.01,4,*,2.68,78,*,52.35,19,*,12.75,1,*,0.67,23,*,15.44,11,,7.38,0,,0,0,,0,0,,0,0,,0,0,,0,0,,0,0,,0,0,,0,0,,0,0,,0,0,,0,149,5,154,0,154,93,247,62.35,1,1
7,10,03,04,0000,545,*,65.19,291,*,34.81,0,,0,0,,0,0,,0,0,,0,0,,0,0,,0,0,,0,0,,0,0,,0,0,,0,0,,0,0,,0,0,,0,0,,0,0,,0,0,,0,0,,0,0,,0,836,74,910,0,910,654,1564,58.18,9,9
7,10,03,04,0087,23,*,79.31,6,*,20.69,0,,0,0,,0,0,,0,0,,0,0,,0,0,,0,0,,0,0,,0,0,,0,0,,0,0,,0,0,,0,0,,0,0,,0,0,,0,0,,0,0,,0,0,,0,29,5,34,0,34,21,55,61.82,1,1
7,10,03,04,0088,35,*,48.61,37,*,51.39,0,,0,0,,0,0,,0,0,,0,0,,0,0,,0,0,,0,0,,0,0,,0,0,,0,0,,0,0,,0,0,,0,0,,0,0,,0,0,,0,0,,0,0,,0,72,10,82,0,82,74,156,52.56,1,1
7,10,03,04,0089,12,*,66.67,6,*,33.33,0,,0,0,,0,0,,0,0,,0,0,,0,0,,0,0,,0,0,,0,0,,0,0,,0,0,,0,0,,0,0,,0,0,,0,0,,0,0,,0,0,,0,0,,0,18,2,20,0,20,7,27,74.07,1,1
7,10,03,04,0090,94,*,71.21,38,*,28.79,0,,0,0,,0,0,,0,0,,0,0,,0,0,,0,0,,0,0,,0,0,,0,0,,0,0,,0,0,,0,0,,0,0,,0,0,,0,0,,0,0,,0,0,,0,132,9,141,0,141,102,243,58.02,1,1
7,10,03,04,0091,42,*,76.36,13,*,23.64,0,,0,0,,0,0,,0,0,,0,0,,0,0,,0,0,,0,0,,0,0,,0,0,,0,0,,0,0,,0,0,,0,0,,0,0,,0,0,,0,0,,0,0,,0,55,4,59,0,59,48,107,55.14,1,1
7,10,03,04,0092,29,*,69.05,13,*,30.95,0,,0,0,,0,0,,0,0,,0,0,,0,0,,0,0,,0,0,,0,0,,0,0,,0,0,,0,0,,0,0,,0,0,,0,0,,0,0,,0,0,,0,0,,0,42,16,58,0,58,27,85,68.24,1,1
7,10,03,04,0093,235,*,87.04,35,*,12.96,0,,0,0,,0,0,,0,0,,0,0,,0,0,,0,0,,0,0,,0,0,,0,0,,0,0,,0,0,,0,0,,0,0,,0,0,,0,0,,0,0,,0,0,,0,270,9,279,0,279,183,462,60.39,1,1
7,10,03,04,0094,33,*,70.21,14,*,29.79,0,,0,0,,0,0,,0,0,,0,0,,0,0,,0,0,,0,0,,0,0,,0,0,,0,0,,0,0,,0,0,,0,0,,0,0,,0,0,,0,0,,0,0,,0,47,2,49,0,49,43,92,53.26,1,1
7,10,03,04,0095,42,*,24.56,129,*,75.44,0,,0,0,,0,0,,0,0,,0,0,,0,0,,0,0,,0,0,,0,0,,0,0,,0,0,,0,0,,0,0,,0,0,,0,0,,0,0,,0,0,,0,0,,0,171,17,188,0,188,149,337,55.79,1,1
7,10,04,03,0000,589,*,19,552,*,17.81,497,-,16.03,412,!,13.29,708,*,22.84,342,,11.03,0,,0,0,,0,0,,0,0,,0,0,,0,0,,0,0,,0,0,,0,0,,0,0,,0,0,,0,0,,0,0,,0,0,,0,3100,94,3194,1,3195,1345,4540,70.35,22,22
7,10,04,03,0096,7,*,8.24,12,*,14.12,6,-,7.06,37,!,43.53,15,*,17.65,8,,9.41,0,,0,0,,0,0,,0,0,,0,0,,0,0,,0,0,,0,0,,0,0,,0,0,,0,0,,0,0,,0,0,,0,0,,0,85,3,88,0,88,60,148,59.46,1,1
7,10,04,03,0097,15,*,7.14,43,*,20.48,20,-,9.52,55,!,26.19,50,*,23.81,27,,12.86,0,,0,0,,0,0,,0,0,,0,0,,0,0,,0,0,,0,0,,0,0,,0,0,,0,0,,0,0,,0,0,,0,0,,0,210,8,218,0,218,130,348,62.64,1,1
7,10,04,03,0098,0,*,0,0,*,0,0,-,0,0,!,0,0,*,0,0,,0,0,,0,0,,0,0,,0,0,,0,0,,0,0,,0,0,,0,0,,0,0,,0,0,,0,0,,0,0,,0,0,,0,0,,0,0,0,0,0,0,0,0,0,1,1
7,10,04,03,0099,3,*,12,1,*,4,2,-,8,5,!,20,13,*,52,1,,4,0,,0,0,,0,0,,0,0,,0,0,,0,0,,0,0,,0,0,,0,0,,0,0,,0,0,,0,0,,0,0,,0,0,,0,25,4,29,0,29,21,50,58,1,1
7,10,04,03,0100,3,*,27.27,1,*,9.09,0,-,0,4,!,36.36,3,*,27.27,0,,0,0,,0,0,,0,0,,0,0,,0,0,,0,0,,0,0,,0,0,,0,0,,0,0,,0,0,,0,0,,0,0,,0,0,,0,11,0,11,0,11,14,25,44,1,1
7,10,04,03,0101,12,*,7.27,5,*,3.03,11,-,6.67,15,!,9.09,106,*,64.24,16,,9.7,0,,0,0,,0,0,,0,0,,0,0,,0,0,,0,0,,0,0,,0,0,,0,0,,0,0,,0,0,,0,0,,0,0,,0,165,7,172,0,172,73,245,70.2,1,1
7,10,04,03,0102,7,*,7.53,7,*,7.53,1,-,1.08,6,!,6.45,72,*,77.42,0,,0,0,,0,0,,0,0,,0,0,,0,0,,0,0,,0,0,,0,0,,0,0,,0,0,,0,0,,0,0,,0,0,,0,0,,0,93,3,96,0,96,38,134,71.64,1,1
7,10,04,03,0103,1,*,2,14,*,28,0,-,0,1,!,2,28,*,56,6,,12,0,,0,0,,0,0,,0,0,,0,0,,0,0,,0,0,,0,0,,0,0,,0,0,,0,0,,0,0,,0,0,,0,0,,0,50,4,54,0,54,33,87,62.07,1,1
7,10,04,03,0104,5,*,5.56,3,*,3.33,10,-,11.11,6,!,6.67,64,*,71.11,2,,2.22,0,,0,0,,0,0,,0,0,,0,0,,0,0,,0,0,,0,0,,0,0,,0,0,,0,0,,0,0,,0,0,,0,0,,0,90,7,97,0,97,50,147,65.99,1,1
7,10,04,03,0105,2,*,2.56,13,*,16.67,3,-,3.85,5,!,6.41,41,*,52.56,14,,17.95,0,,0,0,,0,0,,0,0,,0,0,,0,0,,0,0,,0,0,,0,0,,0,0,,0,0,,0,0,,0,0,,0,0,,0,78,3,81,0,81,39,120,67.5,1,1
7,10,04,03,0106,18,*,12,18,*,12,5,-,3.33,17,!,11.33,88,*,58.67,4,,2.67,0,,0,0,,0,0,,0,0,,0,0,,0,0,,0,0,,0,0,,0,0,,0,0,,0,0,,0,0,,0,0,,0,0,,0,150,5,155,0,155,37,192,80.73,1,1
7,10,04,03,0107,22,*,17.32,7,*,5.51,33,-,25.98,13,!,10.24,19,*,14.96,33,,25.98,0,,0,0,,0,0,,0,0,,0,0,,0,0,,0,0,,0,0,,0,0,,0,0,,0,0,,0,0,,0,0,,0,0,,0,127,7,134,0,134,92,226,59.29,1,1
7,10,04,03,0108,7,*,15.56,12,*,26.67,8,-,17.78,3,!,6.67,7,*,15.56,8,,17.78,0,,0,0,,0,0,,0,0,,0,0,,0,0,,0,0,,0,0,,0,0,,0,0,,0,0,,0,0,,0,0,,0,0,,0,45,4,49,0,49,29,78,62.82,1,1
7,10,04,03,0109,32,*,19.88,26,*,16.15,22,-,13.66,18,!,11.18,20,*,12.42,43,,26.71,0,,0,0,,0,0,,0,0,,0,0,,0,0,,0,0,,0,0,,0,0,,0,0,,0,0,,0,0,,0,0,,0,0,,0,161,5,166,0,166,136,302,54.97,1,1
7,10,04,03,0110,13,*,3.95,59,*,17.93,75,-,22.8,100,!,30.4,37,*,11.25,45,,13.68,0,,0,0,,0,0,,0,0,,0,0,,0,0,,0,0,,0,0,,0,0,,0,0,,0,0,,0,0,,0,0,,0,0,,0,329,9,338,0,338,110,448,75.45,1,1
7,10,04,03,0111,9,*,1.79,49,*,9.76,234,-,46.61,80,!,15.94,51,*,10.16,79,,15.74,0,,0,0,,0,0,,0,0,,0,0,,0,0,,0,0,,0,0,,0,0,,0,0,,0,0,,0,0,,0,0,,0,0,,0,502,7,509,0,509,150,659,77.24,1,1
7,10,04,03,0112,369,*,53.02,237,*,34.05,40,-,5.75,8,!,1.15,6,*,0.86,36,,5.17,0,,0,0,,0,0,,0,0,,0,0,,0,0,,0,0,,0,0,,0,0,,0,0,,0,0,,0,0,,0,0,,0,0,,0,696,7,703,1,704,189,893,78.72,1,1
7,10,04,03,0113,6,*,12.5,6,*,12.5,7,-,14.58,10,!,20.83,9,*,18.75,10,,20.83,0,,0,0,,0,0,,0,0,,0,0,,0,0,,0,0,,0,0,,0,0,,0,0,,0,0,,0,0,,0,0,,0,0,,0,48,1,49,0,49,20,69,71.01,1,1
7,10,04,03,0114,1,*,50,0,*,0,0,-,0,0,!,0,0,*,0,1,,50,0,,0,0,,0,0,,0,0,,0,0,,0,0,,0,0,,0,0,,0,0,,0,0,,0,0,,0,0,,0,0,,0,0,,0,2,1,3,0,3,1,4,75,1,1
7,10,04,03,0115,8,*,9.52,5,*,5.95,12,-,14.29,7,!,8.33,51,*,60.71,1,,1.19,0,,0,0,,0,0,,0,0,,0,0,,0,0,,0,0,,0,0,,0,0,,0,0,,0,0,,0,0,,0,0,,0,0,,0,84,5,89,0,89,67,156,57.05,1,1
7,10,04,03,0116,0,*,0,1,*,25,2,-,50,0,!,0,1,*,25,0,,0,0,,0,0,,0,0,,0,0,,0,0,,0,0,,0,0,,0,0,,0,0,,0,0,,0,0,,0,0,,0,0,,0,0,,0,4,0,4,0,4,0,4,100,1,1
7,10,04,03,0117,49,*,33.79,33,*,22.76,6,-,4.14,22,!,15.17,27,*,18.62,8,,5.52,0,,0,0,,0,0,,0,0,,0,0,,0,0,,0,0,,0,0,,0,0,,0,0,,0,0,,0,0,,0,0,,0,0,,0,145,4,149,0,149,56,205,72.68,1,1
7,10,05,03,0000,292,*,26.52,246,,22.34,279,,25.34,284,*,25.79,0,,0,0,,0,0,,0,0,,0,0,,0,0,,0,0,,0,0,,0,0,,0,0,,0,0,,0,0,,0,0,,0,0,,0,0,,0,0,,0,1101,28,1129,0,1129,549,1678,67.28,10,10
7,10,05,03,0118,10,*,4.22,174,,73.42,33,,13.92,20,*,8.44,0,,0,0,,0,0,,0,0,,0,0,,0,0,,0,0,,0,0,,0,0,,0,0,,0,0,,0,0,,0,0,,0,0,,0,0,,0,0,,0,237,2,239,0,239,72,311,76.85,1,1
7,10,05,03,0119,3,*,10.71,3,,10.71,6,,21.43,16,*,57.14,0,,0,0,,0,0,,0,0,,0,0,,0,0,,0,0,,0,0,,0,0,,0,0,,0,0,,0,0,,0,0,,0,0,,0,0,,0,0,,0,28,0,28,0,28,18,46,60.87,1,1
7,10,05,03,0120,14,*,42.42,5,,15.15,6,,18.18,8,*,24.24,0,,0,0,,0,0,,0,0,,0,0,,0,0,,0,0,,0,0,,0,0,,0,0,,0,0,,0,0,,0,0,,0,0,,0,0,,0,0,,0,33,0,33,0,33,15,48,68.75,1,1
7,10,05,03,0121,16,*,9.58,11,,6.59,25,,14.97,115,*,68.86,0,,0,0,,0,0,,0,0,,0,0,,0,0,,0,0,,0,0,,0,0,,0,0,,0,0,,0,0,,0,0,,0,0,,0,0,,0,0,,0,167,3,170,0,170,77,247,68.83,1,1
7,10,05,03,0122,25,*,24.27,5,,4.85,31,,30.1,42,*,40.78,0,,0,0,,0,0,,0,0,,0,0,,0,0,,0,0,,0,0,,0,0,,0,0,,0,0,,0,0,,0,0,,0,0,,0,0,,0,0,,0,103,2,105,0,105,40,145,72.41,1,1
7,10,05,03,0123,74,*,48.37,17,,11.11,50,,32.68,12,*,7.84,0,,0,0,,0,0,,0,0,,0,0,,0,0,,0,0,,0,0,,0,0,,0,0,,0,0,,0,0,,0,0,,0,0,,0,0,,0,0,,0,153,6,159,0,159,59,218,72.94,1,1
7,10,05,03,0124,87,*,44.62,9,,4.62,65,,33.33,34,*,17.44,0,,0,0,,0,0,,0,0,,0,0,,0,0,,0,0,,0,0,,0,0,,0,0,,0,0,,0,0,,0,0,,0,0,,0,0,,0,0,,0,195,7,202,0,202,118,320,63.13,1,1
7,10,05,03,0125,56,*,35.22,17,,10.69,61,,38.36,25,*,15.72,0,,0,0,,0,0,,0,0,,0,0,,0,0,,0,0,,0,0,,0,0,,0,0,,0,0,,0,0,,0,0,,0,0,,0,0,,0,0,,0,159,8,167,0,167,147,314,53.18,1,1
7,10,05,03,0126,7,*,36.84,2,,10.53,2,,10.53,8,*,42.11,0,,0,0,,0,0,,0,0,,0,0,,0,0,,0,0,,0,0,,0,0,,0,0,,0,0,,0,0,,0,0,,0,0,,0,0,,0,0,,0,19,0,19,0,19,3,22,86.36,1,1
7,10,05,03,0127,0,*,0,3,,42.86,0,,0,4,*,57.14,0,,0,0,,0,0,,0,0,,0,0,,0,0,,0,0,,0,0,,0,0,,0,0,,0,0,,0,0,,0,0,,0,0,,0,0,,0,0,,0,7,0,7,0,7,0,7,100,1,1
7,10,06,04,0000,141,,15.26,283,*,30.63,185,,20.02,315,*,34.09,0,,0,0,,0,0,,0,0,,0,0,,0,0,,0,0,,0,0,,0,0,,0,0,,0,0,,0,0,,0,0,,0,0,,0,0,,0,0,,0,924,37,961,0,961,659,1620,59.32,13,13
7,10,06,04,0128,23,,32.86,17,*,24.29,18,,25.71,12,*,17.14,0,,0,0,,0,0,,0,0,,0,0,,0,0,,0,0,,0,0,,0,0,,0,0,,0,0,,0,0,,0,0,,0,0,,0,0,,0,0,,0,70,3,73,0,73,52,125,58.4,1,1
7,10,06,04,0129,2,,11.76,5,*,29.41,1,,5.88,9,*,52.94,0,,0,0,,0,0,,0,0,,0,0,,0,0,,0,0,,0,0,,0,0,,0,0,,0,0,,0,0,,0,0,,0,0,,0,0,,0,0,,0,17,0,17,0,17,10,27,62.96,1,1
7,10,06,04,0130,3,,37.5,2,*,25,0,,0,3,*,37.5,0,,0,0,,0,0,,0,0,,0,0,,0,0,,0,0,,0,0,,0,0,,0,0,,0,0,,0,0,,0,0,,0,0,,0,0,,0,0,,0,8,0,8,0,8,5,13,61.54,1,1
7,10,06,04,0131,50,,44.64,24,*,21.43,11,,9.82,27,*,24.11,0,,0,0,,0,0,,0,0,,0,0,,0,0,,0,0,,0,0,,0,0,,0,0,,0,0,,0,0,,0,0,,0,0,,0,0,,0,0,,0,112,6,118,0,118,65,183,64.48,1,1
7,10,06,04,0132,6,,10.17,31,*,52.54,3,,5.08,19,*,32.2,0,,0,0,,0,0,,0,0,,0,0,,0,0,,0,0,,0,0,,0,0,,0,0,,0,0,,0,0,,0,0,,0,0,,0,0,,0,0,,0,59,5,64,0,64,35,99,64.65,1,1
7,10,06,04,0133,11,,7.59,85,*,58.62,15,,10.34,34,*,23.45,0,,0,0,,0,0,,0,0,,0,0,,0,0,,0,0,,0,0,,0,0,,0,0,,0,0,,0,0,,0,0,,0,0,,0,0,,0,0,,0,145,4,149,0,149,88,237,62.87,1,1
7,10,06,04,0134,22,,16.92,33,*,25.38,44,,33.85,31,*,23.85,0,,0,0,,0,0,,0,0,,0,0,,0,0,,0,0,,0,0,,0,0,,0,0,,0,0,,0,0,,0,0,,0,0,,0,0,,0,0,,0,130,4,134,0,134,112,246,54.47,1,1
7,10,06,04,0135,6,,8.11,26,*,35.14,21,,28.38,21,*,28.38,0,,0,0,,0,0,,0,0,,0,0,,0,0,,0,0,,0,0,,0,0,,0,0,,0,0,,0,0,,0,0,,0,0,,0,0,,0,0,,0,74,1,75,0,75,71,146,51.37,1,1
7,10,06,04,0136,10,,11.36,13,*,14.77,43,,48.86,22,*,25,0,,0,0,,0,0,,0,0,,0,0,,0,0,,0,0,,0,0,,0,0,,0,0,,0,0,,0,0,,0,0,,0,0,,0,0,,0,0,,0,88,4,92,0,92,35,127,72.44,1,1
7,10,06,04,0137,0,,0,0,*,0,1,,16.67,5,*,83.33,0,,0,0,,0,0,,0,0,,0,0,,0,0,,0,0,,0,0,,0,0,,0,0,,0,0,,0,0,,0,0,,0,0,,0,0,,0,0,,0,6,0,6,0,6,5,11,54.55,1,1
7,10,06,04,0138,0,,0,2,*,16.67,5,,41.67,5,*,41.67,0,,0,0,,0,0,,0,0,,0,0,,0,0,,0,0,,0,0,,0,0,,0,0,,0,0,,0,0,,0,0,,0,0,,0,0,,0,0,,0,12,0,12,0,12,6,18,66.67,1,1
7,10,06,04,0139,6,,9.68,11,*,17.74,3,,4.84,42,*,67.74,0,,0,0,,0,0,,0,0,,0,0,,0,0,,0,0,,0,0,,0,0,,0,0,,0,0,,0,0,,0,0,,0,0,,0,0,,0,0,,0,62,1,63,0,63,42,105,60,1,1
7,10,06,04,0140,2,,1.42,34,*,24.11,20,,14.18,85,*,60.28,0,,0,0,,0,0,,0,0,,0,0,,0,0,,0,0,,0,0,,0,0,,0,0,,0,0,,0,0,,0,0,,0,0,,0,0,,0,0,,0,141,9,150,0,150,133,283,53,1,1
7,10,07,02,0000,501,*,20.75,428,*,17.72,289,,11.97,318,,13.17,452,*,18.72,427,*,17.68,0,,0,0,,0,0,,0,0,,0,0,,0,0,,0,0,,0,0,,0,0,,0,0,,0,0,,0,0,,0,0,,0,0,,0,2415,48,2463,2,2465,1445,3910,62.99,11,11
7,10,07,02,0141,2,*,5.88,1,*,2.94,16,,47.06,9,,26.47,2,*,5.88,4,*,11.76,0,,0,0,,0,0,,0,0,,0,0,,0,0,,0,0,,0,0,,0,0,,0,0,,0,0,,0,0,,0,0,,0,0,,0,34,0,34,0,34,20,54,62.96,1,1
7,10,07,02,0142,1,*,0.52,3,*,1.56,80,,41.67,36,,18.75,10,*,5.21,62,*,32.29,0,,0,0,,0,0,,0,0,,0,0,,0,0,,0,0,,0,0,,0,0,,0,0,,0,0,,0,0,,0,0,,0,0,,0,192,3,195,0,195,73,268,72.76,1,1
7,10,07,02,0143,16,*,3.71,8,*,1.86,108,,25.06,81,,18.79,4,*,0.93,214,*,49.65,0,,0,0,,0,0,,0,0,,0,0,,0,0,,0,0,,0,0,,0,0,,0,0,,0,0,,0,0,,0,0,,0,0,,0,431,1,432,2,434,219,653,66.16,1,1
7,10,07,02,0144,65,*,34.21,8,*,4.21,25,,13.16,35,,18.42,27,*,14.21,30,*,15.79,0,,0,0,,0,0,,0,0,,0,0,,0,0,,0,0,,0,0,,0,0,,0,0,,0,0,,0,0,,0,0,,0,0,,0,190,4,194,0,194,185,379,51.19,1,1
7,10,07,02,0145,111,*,48.05,31,*,13.42,29,,12.55,19,,8.23,7,*,3.03,34,*,14.72,0,,0,0,,0,0,,0,0,,0,0,,0,0,,0,0,,0,0,,0,0,,0,0,,0,0,,0,0,,0,0,,0,0,,0,231,3,234,0,234,94,328,71.34,1,1
7,10,07,02,0146,88,*,19.86,91,*,20.54,25,,5.64,64,,14.45,137,*,30.93,38,*,8.58,0,,0,0,,0,0,,0,0,,0,0,,0,0,,0,0,,0,0,,0,0,,0,0,,0,0,,0,0,,0,0,,0,0,,0,443,11,454,0,454,208,662,68.58,1,1
7,10,07,02,0147,131,*,27.81,165,*,35.03,0,,0,19,,4.03,148,*,31.42,8,*,1.7,0,,0,0,,0,0,,0,0,,0,0,,0,0,,0,0,,0,0,,0,0,,0,0,,0,0,,0,0,,0,0,,0,0,,0,471,14,485,0,485,301,786,61.7,1,1
7,10,07,02,0148,28,*,14.81,70,*,37.04,2,,1.06,20,,10.58,54,*,28.57,15,*,7.94,0,,0,0,,0,0,,0,0,,0,0,,0,0,,0,0,,0,0,,0,0,,0,0,,0,0,,0,0,,0,0,,0,0,,0,189,5,194,0,194,153,347,55.91,1,1
7,10,07,02,0149,35,*,39.33,16,*,17.98,0,,0,15,,16.85,23,*,25.84,0,*,0,0,,0,0,,0,0,,0,0,,0,0,,0,0,,0,0,,0,0,,0,0,,0,0,,0,0,,0,0,,0,0,,0,0,,0,89,3,92,0,92,84,176,52.27,1,1
7,10,07,02,0150,7,*,7,28,*,28,2,,2,12,,12,31,*,31,20,*,20,0,,0,0,,0,0,,0,0,,0,0,,0,0,,0,0,,0,0,,0,0,,0,0,,0,0,,0,0,,0,0,,0,0,,0,100,3,103,0,103,81,184,55.98,1,1
7,10,07,02,0151,17,*,37.78,7,*,15.56,2,,4.44,8,,17.78,9,*,20,2,*,4.44,0,,0,0,,0,0,,0,0,,0,0,,0,0,,0,0,,0,0,,0,0,,0,0,,0,0,,0,0,,0,0,,0,0,,0,45,1,46,0,46,27,73,63.01,1,1
7,10,08,02,0000,387,,15.49,463,*,18.53,425,*,17.01,361,,14.45,419,*,16.77,443,*,17.73,0,,0,0,,0,0,,0,0,,0,0,,0,0,,0,0,,0,0,,0,0,,0,0,,0,0,,0,0,,0,0,,0,0,,0,2498,49,2547,0,2547,1436,3983,63.95,10,10
7,10,08,02,0152,20,,6.04,50,*,15.11,16,*,4.83,10,,3.02,223,*,67.37,12,*,3.63,0,,0,0,,0,0,,0,0,,0,0,,0,0,,0,0,,0,0,,0,0,,0,0,,0,0,,0,0,,0,0,,0,0,,0,331,2,333,0,333,153,486,68.52,1,1
7,10,08,02,0153,26,,6.81,226,*,59.16,25,*,6.54,15,,3.93,81,*,21.2,9,*,2.36,0,,0,0,,0,0,,0,0,,0,0,,0,0,,0,0,,0,0,,0,0,,0,0,,0,0,,0,0,,0,0,,0,0,,0,382,4,386,0,386,181,567,68.08,1,1
7,10,08,02,0154,68,,16.5,48,*,11.65,43,*,10.44,188,,45.63,22,*,5.34,43,*,10.44,0,,0,0,,0,0,,0,0,,0,0,,0,0,,0,0,,0,0,,0,0,,0,0,,0,0,,0,0,,0,0,,0,0,,0,412,7,419,0,419,225,644,65.06,1,1
7,10,08,02,0155,24,,17.65,32,*,23.53,24,*,17.65,11,,8.09,10,*,7.35,35,*,25.74,0,,0,0,,0,0,,0,0,,0,0,,0,0,,0,0,,0,0,,0,0,,0,0,,0,0,,0,0,,0,0,,0,0,,0,136,12,148,0,148,142,290,51.03,1,1
7,10,08,02,0156,21,,6.62,11,*,3.47,6,*,1.89,25,,7.89,11,*,3.47,243,*,76.66,0,,0,0,,0,0,,0,0,,0,0,,0,0,,0,0,,0,0,,0,0,,0,0,,0,0,,0,0,,0,0,,0,0,,0,317,6,323,0,323,211,534,60.49,1,1
7,10,08,02,0157,15,,25.42,6,*,10.17,13,*,22.03,10,,16.95,1,*,1.69,14,*,23.73,0,,0,0,,0,0,,0,0,,0,0,,0,0,,0,0,,0,0,,0,0,,0,0,,0,0,,0,0,,0,0,,0,0,,0,59,0,59,0,59,57,116,50.86,1,1
7,10,08,02,0158,46,,14.37,46,*,14.37,111,*,34.69,31,,9.69,43,*,13.44,43,*,13.44,0,,0,0,,0,0,,0,0,,0,0,,0,0,,0,0,,0,0,,0,0,,0,0,,0,0,,0,0,,0,0,,0,0,,0,320,7,327,0,327,185,512,63.87,1,1
7,10,08,02,0159,81,,37.16,13,*,5.96,103,*,47.25,7,,3.21,5,*,2.29,9,*,4.13,0,,0,0,,0,0,,0,0,,0,0,,0,0,,0,0,,0,0,,0,0,,0,0,,0,0,,0,0,,0,0,,0,0,,0,218,5,223,0,223,101,324,68.83,1,1
7,10,08,02,0160,13,,31.71,1,*,2.44,17,*,41.46,1,,2.44,3,*,7.32,6,*,14.63,0,,0,0,,0,0,,0,0,,0,0,,0,0,,0,0,,0,0,,0,0,,0,0,,0,0,,0,0,,0,0,,0,0,,0,41,3,44,0,44,33,77,57.14,1,1
7,10,08,02,0161,73,,25.89,30,*,10.64,67,*,23.76,63,,22.34,20,*,7.09,29,*,10.28,0,,0,0,,0,0,,0,0,,0,0,,0,0,,0,0,,0,0,,0,0,,0,0,,0,0,,0,0,,0,0,,0,0,,0,282,3,285,0,285,148,433,65.82,1,1
7,10,09,03,0000,228,,9.25,475,*,19.27,464,*,18.82,496,*,20.12,309,,12.54,493,*,20,0,,0,0,,0,0,,0,0,,0,0,,0,0,,0,0,,0,0,,0,0,,0,0,,0,0,,0,0,,0,0,,0,0,,0,2465,48,2513,0,2513,1072,3585,70.1,15,15
7,10,09,03,0162,1,,3.57,1,*,3.57,15,*,53.57,11,*,39.29,0,,0,0,*,0,0,,0,0,,0,0,,0,0,,0,0,,0,0,,0,0,,0,0,,0,0,,0,0,,0,0,,0,0,,0,0,,0,0,,0,28,2,30,0,30,16,46,65.22,1,1
7,10,09,03,0163,2,,1.2,25,*,15.06,49,*,29.52,47,*,28.31,10,,6.02,33,*,19.88,0,,0,0,,0,0,,0,0,,0,0,,0,0,,0,0,,0,0,,0,0,,0,0,,0,0,,0,0,,0,0,,0,0,,0,166,3,169,0,169,131,300,56.33,1,1
7,10,09,03,0164,2,,20,0,*,0,2,*,20,2,*,20,2,,20,2,*,20,0,,0,0,,0,0,,0,0,,0,0,,0,0,,0,0,,0,0,,0,0,,0,0,,0,0,,0,0,,0,0,,0,0,,0,10,0,10,0,10,0,10,100,1,1
7,10,09,03,0165,0,,0,0,*,0,2,*,50,1,*,25,1,,25,0,*,0,0,,0,0,,0,0,,0,0,,0,0,,0,0,,0,0,,0,0,,0,0,,0,0,,0,0,,0,0,,0,0,,0,0,,0,4,1,5,0,5,0,5,100,1,1
7,10,09,03,0166,13,,9.42,11,*,7.97,65,*,47.1,36,*,26.09,0,,0,13,*,9.42,0,,0,0,,0,0,,0,0,,0,0,,0,0,,0,0,,0,0,,0,0,,0,0,,0,0,,0,0,,0,0,,0,0,,0,138,1,139,0,139,56,195,71.28,1,1
7,10,09,03,0167,6,,1.82,18,*,5.45,125,*,37.88,162,*,49.09,10,,3.03,9,*,2.73,0,,0,0,,0,0,,0,0,,0,0,,0,0,,0,0,,0,0,,0,0,,0,0,,0,0,,0,0,,0,0,,0,0,,0,330,6,336,0,336,105,441,76.19,1,1
7,10,09,03,0168,1,,1.18,2,*,2.35,27,*,31.76,41,*,48.24,4,,4.71,10,*,11.76,0,,0,0,,0,0,,0,0,,0,0,,0,0,,0,0,,0,0,,0,0,,0,0,,0,0,,0,0,,0,0,,0,0,,0,85,3,88,0,88,39,127,69.29,1,1
7,10,09,03,0169,6,,12.24,2,*,4.08,13,*,26.53,22,*,44.9,1,,2.04,5,*,10.2,0,,0,0,,0,0,,0,0,,0,0,,0,0,,0,0,,0,0,,0,0,,0,0,,0,0,,0,0,,0,0,,0,0,,0,49,0,49,0,49,15,64,76.56,1,1
7,10,09,03,0170,4,,3.85,19,*,18.27,41,*,39.42,29,*,27.88,2,,1.92,9,*,8.65,0,,0,0,,0,0,,0,0,,0,0,,0,0,,0,0,,0,0,,0,0,,0,0,,0,0,,0,0,,0,0,,0,0,,0,104,4,108,0,108,91,199,54.27,1,1
7,10,09,03,0171,1,,1.79,15,*,26.79,26,*,46.43,11,*,19.64,0,,0,3,*,5.36,0,,0,0,,0,0,,0,0,,0,0,,0,0,,0,0,,0,0,,0,0,,0,0,,0,0,,0,0,,0,0,,0,0,,0,56,3,59,0,59,39,98,60.2,1,1
7,10,09,03,0172,18,,10.53,27,*,15.79,45,*,26.32,24,*,14.04,11,,6.43,46,*,26.9,0,,0,0,,0,0,,0,0,,0,0,,0,0,,0,0,,0,0,,0,0,,0,0,,0,0,,0,0,,0,0,,0,0,,0,171,4,175,0,175,76,251,69.72,1,1
7,10,09,03,0173,73,,17.1,119,*,27.87,22,*,5.15,33,*,7.73,151,,35.36,29,*,6.79,0,,0,0,,0,0,,0,0,,0,0,,0,0,,0,0,,0,0,,0,0,,0,0,,0,0,,0,0,,0,0,,0,0,,0,427,5,432,0,432,170,602,71.76,1,1
7,10,09,03,0174,53,,12.5,137,*,32.31,11,*,2.59,35,*,8.25,80,,18.87,108,*,25.47,0,,0,0,,0,0,,0,0,,0,0,,0,0,,0,0,,0,0,,0,0,,0,0,,0,0,,0,0,,0,0,,0,0,,0,424,6,430,0,430,186,616,69.81,1,1
7,10,09,03,0175,30,,21.13,46,*,32.39,4,*,2.82,8,*,5.63,25,,17.61,29,*,20.42,0,,0,0,,0,0,,0,0,,0,0,,0,0,,0,0,,0,0,,0,0,,0,0,,0,0,,0,0,,0,0,,0,0,,0,142,3,145,0,145,49,194,74.74,1,1
7,10,09,03,0176,18,,5.44,53,*,16.01,17,*,5.14,34,*,10.27,12,,3.63,197,*,59.52,0,,0,0,,0,0,,0,0,,0,0,,0,0,,0,0,,0,0,,0,0,,0,0,,0,0,,0,0,,0,0,,0,0,,0,331,7,338,0,338,99,437,77.35,1,1
7,10,10,03,0000,259,,12.77,440,*,21.7,181,,8.93,262,,12.92,376,*,18.54,510,*,25.15,0,,0,0,,0,0,,0,0,,0,0,,0,0,,0,0,,0,0,,0,0,,0,0,,0,0,,0,0,,0,0,,0,0,,0,2028,44,2072,1,2073,495,2568,80.69,6,6
7,10,10,03,0177,16,,7.8,20,*,9.76,16,,7.8,16,,7.8,53,*,25.85,84,*,40.98,0,,0,0,,0,0,,0,0,,0,0,,0,0,,0,0,,0,0,,0,0,,0,0,,0,0,,0,0,,0,0,,0,0,,0,205,5,210,0,210,44,254,82.68,1,1
7,10,10,03,0178,2,,1.36,35,*,23.81,20,,13.61,26,,17.69,32,*,21.77,32,*,21.77,0,,0,0,,0,0,,0,0,,0,0,,0,0,,0,0,,0,0,,0,0,,0,0,,0,0,,0,0,,0,0,,0,0,,0,147,13,160,0,160,73,233,68.67,1,1
7,10,10,03,0179,21,,7.02,63,*,21.07,33,,11.04,26,,8.7,82,*,27.42,74,*,24.75,0,,0,0,,0,0,,0,0,,0,0,,0,0,,0,0,,0,0,,0,0,,0,0,,0,0,,0,0,,0,0,,0,0,,0,299,6,305,0,305,115,420,72.62,1,1
7,10,10,03,0180,207,,25.18,299,*,36.37,27,,3.28,15,,1.82,160,*,19.46,114,*,13.87,0,,0,0,,0,0,,0,0,,0,0,,0,0,,0,0,,0,0,,0,0,,0,0,,0,0,,0,0,,0,0,,0,0,,0,822,13,835,0,835,163,998,83.67,1,1
7,10,10,03,0181,13,,4.04,13,*,4.04,77,,23.91,79,,24.53,17,*,5.28,123,*,38.2,0,,0,0,,0,0,,0,0,,0,0,,0,0,,0,0,,0,0,,0,0,,0,0,,0,0,,0,0,,0,0,,0,0,,0,322,3,325,0,325,53,378,85.98,1,1
7,10,10,03,0182,0,,0,10,*,4.29,8,,3.43,100,,42.92,32,*,13.73,83,*,35.62,0,,0,0,,0,0,,0,0,,0,0,,0,0,,0,0,,0,0,,0,0,,0,0,,0,0,,0,0,,0,0,,0,0,,0,233,4,237,1,238,47,285,83.16,1,1
